regexp	test_bin_id	animacy	stimulus	test_response	accuracy	ccode	phase	condition_id	item_id	jpg	scn
(#[1234])	0	cal	cal	cal	cal	0	test	cal	-1	cal	cal
(#[1234])	10	_any	_any	_any	_any	1	test	_any	-1	_any	_any
(#[1])	11	animate	distractor	_any	_any	1	test	1	-1	_any	_any
(#[2])	12	inanimate	distractor	_any	_any	1	test	2	-1	_any	_any
(#[3])	13	animate	studied	_any	_any	1	test	3	-1	_any	_any
(#[4])	14	inanimate	studied	_any	_any	1	test	4	-1	_any	_any
(#1) 8 (127) 2064	1100	animate	distractor	new	cr	1	test	1	127	dragon	testp1
(#1) 8 2064 (127)	1101	animate	distractor	new	cr	1	test	1	127	dragon	testp1
(#1) 2064 8 (127)	1102	animate	distractor	new	cr	1	test	1	127	dragon	testp1
(#1) 8 (127) 1040	1110	animate	distractor	old	fa	1	test	1	127	dragon	testp1
(#1) 8 1040 (127)	1111	animate	distractor	old	fa	1	test	1	127	dragon	testp1
(#1) 1040 8 (127)	1112	animate	distractor	old	fa	1	test	1	127	dragon	testp1
(#1) 8 (127) (?!(2064|1040))	1103	animate	distractor	none	nr	1	test	1	127	dragon	testp1
(#4) 8 (129) 1040	1400	inanimate	studied	old	hit	1	test	4	129	dresser	testp1
(#4) 8 1040 (129)	1401	inanimate	studied	old	hit	1	test	4	129	dresser	testp1
(#4) 1040 8 (129)	1402	inanimate	studied	old	hit	1	test	4	129	dresser	testp1
(#4) 8 (129) 2064	1410	inanimate	studied	new	miss	1	test	4	129	dresser	testp1
(#4) 8 2064 (129)	1411	inanimate	studied	new	miss	1	test	4	129	dresser	testp1
(#4) 2064 8 (129)	1412	inanimate	studied	new	miss	1	test	4	129	dresser	testp1
(#4) 8 (129) (?!(2064|1040))	1403	inanimate	studied	none	nr	1	test	4	129	dresser	testp1
(#2) 8 (185) 2064	1200	inanimate	distractor	new	cr	1	test	2	185	sun	testp1
(#2) 8 2064 (185)	1201	inanimate	distractor	new	cr	1	test	2	185	sun	testp1
(#2) 2064 8 (185)	1202	inanimate	distractor	new	cr	1	test	2	185	sun	testp1
(#2) 8 (185) 1040	1210	inanimate	distractor	old	fa	1	test	2	185	sun	testp1
(#2) 8 1040 (185)	1211	inanimate	distractor	old	fa	1	test	2	185	sun	testp1
(#2) 1040 8 (185)	1212	inanimate	distractor	old	fa	1	test	2	185	sun	testp1
(#2) 8 (185) (?!(2064|1040))	1203	inanimate	distractor	none	nr	1	test	2	185	sun	testp1
(#3) 8 (106) 1040	1300	animate	studied	old	hit	1	test	3	106	bear	testp1
(#3) 8 1040 (106)	1301	animate	studied	old	hit	1	test	3	106	bear	testp1
(#3) 1040 8 (106)	1302	animate	studied	old	hit	1	test	3	106	bear	testp1
(#3) 8 (106) 2064	1310	animate	studied	new	miss	1	test	3	106	bear	testp1
(#3) 8 2064 (106)	1311	animate	studied	new	miss	1	test	3	106	bear	testp1
(#3) 2064 8 (106)	1312	animate	studied	new	miss	1	test	3	106	bear	testp1
(#3) 8 (106) (?!(2064|1040))	1303	animate	studied	none	nr	1	test	3	106	bear	testp1
(#4) 8 (141) 1040	1400	inanimate	studied	old	hit	1	test	4	141	htarblon	testp1
(#4) 8 1040 (141)	1401	inanimate	studied	old	hit	1	test	4	141	htarblon	testp1
(#4) 1040 8 (141)	1402	inanimate	studied	old	hit	1	test	4	141	htarblon	testp1
(#4) 8 (141) 2064	1410	inanimate	studied	new	miss	1	test	4	141	htarblon	testp1
(#4) 8 2064 (141)	1411	inanimate	studied	new	miss	1	test	4	141	htarblon	testp1
(#4) 2064 8 (141)	1412	inanimate	studied	new	miss	1	test	4	141	htarblon	testp1
(#4) 8 (141) (?!(2064|1040))	1403	inanimate	studied	none	nr	1	test	4	141	htarblon	testp1
(#3) 8 (166) 1040	1300	animate	studied	old	hit	1	test	3	166	pumpkin	testp1
(#3) 8 1040 (166)	1301	animate	studied	old	hit	1	test	3	166	pumpkin	testp1
(#3) 1040 8 (166)	1302	animate	studied	old	hit	1	test	3	166	pumpkin	testp1
(#3) 8 (166) 2064	1310	animate	studied	new	miss	1	test	3	166	pumpkin	testp1
(#3) 8 2064 (166)	1311	animate	studied	new	miss	1	test	3	166	pumpkin	testp1
(#3) 2064 8 (166)	1312	animate	studied	new	miss	1	test	3	166	pumpkin	testp1
(#3) 8 (166) (?!(2064|1040))	1303	animate	studied	none	nr	1	test	3	166	pumpkin	testp1
(#2) 8 (197) 2064	1200	inanimate	distractor	new	cr	1	test	2	197	whistle	testp1
(#2) 8 2064 (197)	1201	inanimate	distractor	new	cr	1	test	2	197	whistle	testp1
(#2) 2064 8 (197)	1202	inanimate	distractor	new	cr	1	test	2	197	whistle	testp1
(#2) 8 (197) 1040	1210	inanimate	distractor	old	fa	1	test	2	197	whistle	testp1
(#2) 8 1040 (197)	1211	inanimate	distractor	old	fa	1	test	2	197	whistle	testp1
(#2) 1040 8 (197)	1212	inanimate	distractor	old	fa	1	test	2	197	whistle	testp1
(#2) 8 (197) (?!(2064|1040))	1203	inanimate	distractor	none	nr	1	test	2	197	whistle	testp1
(#2) 8 (170) 2064	1200	inanimate	distractor	new	cr	1	test	2	170	salt	testp1
(#2) 8 2064 (170)	1201	inanimate	distractor	new	cr	1	test	2	170	salt	testp1
(#2) 2064 8 (170)	1202	inanimate	distractor	new	cr	1	test	2	170	salt	testp1
(#2) 8 (170) 1040	1210	inanimate	distractor	old	fa	1	test	2	170	salt	testp1
(#2) 8 1040 (170)	1211	inanimate	distractor	old	fa	1	test	2	170	salt	testp1
(#2) 1040 8 (170)	1212	inanimate	distractor	old	fa	1	test	2	170	salt	testp1
(#2) 8 (170) (?!(2064|1040))	1203	inanimate	distractor	none	nr	1	test	2	170	salt	testp1
(#3) 8 (157) 1040	1300	animate	studied	old	hit	1	test	3	157	peas	testp1
(#3) 8 1040 (157)	1301	animate	studied	old	hit	1	test	3	157	peas	testp1
(#3) 1040 8 (157)	1302	animate	studied	old	hit	1	test	3	157	peas	testp1
(#3) 8 (157) 2064	1310	animate	studied	new	miss	1	test	3	157	peas	testp1
(#3) 8 2064 (157)	1311	animate	studied	new	miss	1	test	3	157	peas	testp1
(#3) 2064 8 (157)	1312	animate	studied	new	miss	1	test	3	157	peas	testp1
(#3) 8 (157) (?!(2064|1040))	1303	animate	studied	none	nr	1	test	3	157	peas	testp1
(#3) 8 (144) 1040	1300	animate	studied	old	hit	1	test	3	144	kilerwal	testp1
(#3) 8 1040 (144)	1301	animate	studied	old	hit	1	test	3	144	kilerwal	testp1
(#3) 1040 8 (144)	1302	animate	studied	old	hit	1	test	3	144	kilerwal	testp1
(#3) 8 (144) 2064	1310	animate	studied	new	miss	1	test	3	144	kilerwal	testp1
(#3) 8 2064 (144)	1311	animate	studied	new	miss	1	test	3	144	kilerwal	testp1
(#3) 2064 8 (144)	1312	animate	studied	new	miss	1	test	3	144	kilerwal	testp1
(#3) 8 (144) (?!(2064|1040))	1303	animate	studied	none	nr	1	test	3	144	kilerwal	testp1
(#4) 8 (154) 1040	1400	inanimate	studied	old	hit	1	test	4	154	necklace	testp1
(#4) 8 1040 (154)	1401	inanimate	studied	old	hit	1	test	4	154	necklace	testp1
(#4) 1040 8 (154)	1402	inanimate	studied	old	hit	1	test	4	154	necklace	testp1
(#4) 8 (154) 2064	1410	inanimate	studied	new	miss	1	test	4	154	necklace	testp1
(#4) 8 2064 (154)	1411	inanimate	studied	new	miss	1	test	4	154	necklace	testp1
(#4) 2064 8 (154)	1412	inanimate	studied	new	miss	1	test	4	154	necklace	testp1
(#4) 8 (154) (?!(2064|1040))	1403	inanimate	studied	none	nr	1	test	4	154	necklace	testp1
(#3) 8 (186) 1040	1300	animate	studied	old	hit	1	test	3	186	swan	testp1
(#3) 8 1040 (186)	1301	animate	studied	old	hit	1	test	3	186	swan	testp1
(#3) 1040 8 (186)	1302	animate	studied	old	hit	1	test	3	186	swan	testp1
(#3) 8 (186) 2064	1310	animate	studied	new	miss	1	test	3	186	swan	testp1
(#3) 8 2064 (186)	1311	animate	studied	new	miss	1	test	3	186	swan	testp1
(#3) 2064 8 (186)	1312	animate	studied	new	miss	1	test	3	186	swan	testp1
(#3) 8 (186) (?!(2064|1040))	1303	animate	studied	none	nr	1	test	3	186	swan	testp1
(#1) 8 (192) 2064	1100	animate	distractor	new	cr	1	test	1	192	turtle	testp1
(#1) 8 2064 (192)	1101	animate	distractor	new	cr	1	test	1	192	turtle	testp1
(#1) 2064 8 (192)	1102	animate	distractor	new	cr	1	test	1	192	turtle	testp1
(#1) 8 (192) 1040	1110	animate	distractor	old	fa	1	test	1	192	turtle	testp1
(#1) 8 1040 (192)	1111	animate	distractor	old	fa	1	test	1	192	turtle	testp1
(#1) 1040 8 (192)	1112	animate	distractor	old	fa	1	test	1	192	turtle	testp1
(#1) 8 (192) (?!(2064|1040))	1103	animate	distractor	none	nr	1	test	1	192	turtle	testp1
(#2) 8 (114) 2064	1200	inanimate	distractor	new	cr	1	test	2	114	bus	testp1
(#2) 8 2064 (114)	1201	inanimate	distractor	new	cr	1	test	2	114	bus	testp1
(#2) 2064 8 (114)	1202	inanimate	distractor	new	cr	1	test	2	114	bus	testp1
(#2) 8 (114) 1040	1210	inanimate	distractor	old	fa	1	test	2	114	bus	testp1
(#2) 8 1040 (114)	1211	inanimate	distractor	old	fa	1	test	2	114	bus	testp1
(#2) 1040 8 (114)	1212	inanimate	distractor	old	fa	1	test	2	114	bus	testp1
(#2) 8 (114) (?!(2064|1040))	1203	inanimate	distractor	none	nr	1	test	2	114	bus	testp1
(#2) 8 (169) 2064	1200	inanimate	distractor	new	cr	1	test	2	169	safe	testp1
(#2) 8 2064 (169)	1201	inanimate	distractor	new	cr	1	test	2	169	safe	testp1
(#2) 2064 8 (169)	1202	inanimate	distractor	new	cr	1	test	2	169	safe	testp1
(#2) 8 (169) 1040	1210	inanimate	distractor	old	fa	1	test	2	169	safe	testp1
(#2) 8 1040 (169)	1211	inanimate	distractor	old	fa	1	test	2	169	safe	testp1
(#2) 1040 8 (169)	1212	inanimate	distractor	old	fa	1	test	2	169	safe	testp1
(#2) 8 (169) (?!(2064|1040))	1203	inanimate	distractor	none	nr	1	test	2	169	safe	testp1
(#2) 8 (171) 2064	1200	inanimate	distractor	new	cr	1	test	2	171	sandal	testp1
(#2) 8 2064 (171)	1201	inanimate	distractor	new	cr	1	test	2	171	sandal	testp1
(#2) 2064 8 (171)	1202	inanimate	distractor	new	cr	1	test	2	171	sandal	testp1
(#2) 8 (171) 1040	1210	inanimate	distractor	old	fa	1	test	2	171	sandal	testp1
(#2) 8 1040 (171)	1211	inanimate	distractor	old	fa	1	test	2	171	sandal	testp1
(#2) 1040 8 (171)	1212	inanimate	distractor	old	fa	1	test	2	171	sandal	testp1
(#2) 8 (171) (?!(2064|1040))	1203	inanimate	distractor	none	nr	1	test	2	171	sandal	testp1
(#1) 8 (102) 2064	1100	animate	distractor	new	cr	1	test	1	102	apple	testp1
(#1) 8 2064 (102)	1101	animate	distractor	new	cr	1	test	1	102	apple	testp1
(#1) 2064 8 (102)	1102	animate	distractor	new	cr	1	test	1	102	apple	testp1
(#1) 8 (102) 1040	1110	animate	distractor	old	fa	1	test	1	102	apple	testp1
(#1) 8 1040 (102)	1111	animate	distractor	old	fa	1	test	1	102	apple	testp1
(#1) 1040 8 (102)	1112	animate	distractor	old	fa	1	test	1	102	apple	testp1
(#1) 8 (102) (?!(2064|1040))	1103	animate	distractor	none	nr	1	test	1	102	apple	testp1
(#4) 8 (176) 1040	1400	inanimate	studied	old	hit	1	test	4	176	sled	testp1
(#4) 8 1040 (176)	1401	inanimate	studied	old	hit	1	test	4	176	sled	testp1
(#4) 1040 8 (176)	1402	inanimate	studied	old	hit	1	test	4	176	sled	testp1
(#4) 8 (176) 2064	1410	inanimate	studied	new	miss	1	test	4	176	sled	testp1
(#4) 8 2064 (176)	1411	inanimate	studied	new	miss	1	test	4	176	sled	testp1
(#4) 2064 8 (176)	1412	inanimate	studied	new	miss	1	test	4	176	sled	testp1
(#4) 8 (176) (?!(2064|1040))	1403	inanimate	studied	none	nr	1	test	4	176	sled	testp1
(#2) 8 (182) 2064	1200	inanimate	distractor	new	cr	1	test	2	182	stapler	testp1
(#2) 8 2064 (182)	1201	inanimate	distractor	new	cr	1	test	2	182	stapler	testp1
(#2) 2064 8 (182)	1202	inanimate	distractor	new	cr	1	test	2	182	stapler	testp1
(#2) 8 (182) 1040	1210	inanimate	distractor	old	fa	1	test	2	182	stapler	testp1
(#2) 8 1040 (182)	1211	inanimate	distractor	old	fa	1	test	2	182	stapler	testp1
(#2) 1040 8 (182)	1212	inanimate	distractor	old	fa	1	test	2	182	stapler	testp1
(#2) 8 (182) (?!(2064|1040))	1203	inanimate	distractor	none	nr	1	test	2	182	stapler	testp1
(#4) 8 (199) 1040	1400	inanimate	studied	old	hit	1	test	4	199	witchhat	testp1
(#4) 8 1040 (199)	1401	inanimate	studied	old	hit	1	test	4	199	witchhat	testp1
(#4) 1040 8 (199)	1402	inanimate	studied	old	hit	1	test	4	199	witchhat	testp1
(#4) 8 (199) 2064	1410	inanimate	studied	new	miss	1	test	4	199	witchhat	testp1
(#4) 8 2064 (199)	1411	inanimate	studied	new	miss	1	test	4	199	witchhat	testp1
(#4) 2064 8 (199)	1412	inanimate	studied	new	miss	1	test	4	199	witchhat	testp1
(#4) 8 (199) (?!(2064|1040))	1403	inanimate	studied	none	nr	1	test	4	199	witchhat	testp1
(#4) 8 (178) 1040	1400	inanimate	studied	old	hit	1	test	4	178	spatula	testp1
(#4) 8 1040 (178)	1401	inanimate	studied	old	hit	1	test	4	178	spatula	testp1
(#4) 1040 8 (178)	1402	inanimate	studied	old	hit	1	test	4	178	spatula	testp1
(#4) 8 (178) 2064	1410	inanimate	studied	new	miss	1	test	4	178	spatula	testp1
(#4) 8 2064 (178)	1411	inanimate	studied	new	miss	1	test	4	178	spatula	testp1
(#4) 2064 8 (178)	1412	inanimate	studied	new	miss	1	test	4	178	spatula	testp1
(#4) 8 (178) (?!(2064|1040))	1403	inanimate	studied	none	nr	1	test	4	178	spatula	testp1
(#4) 8 (117) 1040	1400	inanimate	studied	old	hit	1	test	4	117	car	testp1
(#4) 8 1040 (117)	1401	inanimate	studied	old	hit	1	test	4	117	car	testp1
(#4) 1040 8 (117)	1402	inanimate	studied	old	hit	1	test	4	117	car	testp1
(#4) 8 (117) 2064	1410	inanimate	studied	new	miss	1	test	4	117	car	testp1
(#4) 8 2064 (117)	1411	inanimate	studied	new	miss	1	test	4	117	car	testp1
(#4) 2064 8 (117)	1412	inanimate	studied	new	miss	1	test	4	117	car	testp1
(#4) 8 (117) (?!(2064|1040))	1403	inanimate	studied	none	nr	1	test	4	117	car	testp1
(#2) 8 (142) 2064	1200	inanimate	distractor	new	cr	1	test	2	142	iron	testp1
(#2) 8 2064 (142)	1201	inanimate	distractor	new	cr	1	test	2	142	iron	testp1
(#2) 2064 8 (142)	1202	inanimate	distractor	new	cr	1	test	2	142	iron	testp1
(#2) 8 (142) 1040	1210	inanimate	distractor	old	fa	1	test	2	142	iron	testp1
(#2) 8 1040 (142)	1211	inanimate	distractor	old	fa	1	test	2	142	iron	testp1
(#2) 1040 8 (142)	1212	inanimate	distractor	old	fa	1	test	2	142	iron	testp1
(#2) 8 (142) (?!(2064|1040))	1203	inanimate	distractor	none	nr	1	test	2	142	iron	testp1
(#4) 8 (134) 1040	1400	inanimate	studied	old	hit	1	test	4	134	flute	testp1
(#4) 8 1040 (134)	1401	inanimate	studied	old	hit	1	test	4	134	flute	testp1
(#4) 1040 8 (134)	1402	inanimate	studied	old	hit	1	test	4	134	flute	testp1
(#4) 8 (134) 2064	1410	inanimate	studied	new	miss	1	test	4	134	flute	testp1
(#4) 8 2064 (134)	1411	inanimate	studied	new	miss	1	test	4	134	flute	testp1
(#4) 2064 8 (134)	1412	inanimate	studied	new	miss	1	test	4	134	flute	testp1
(#4) 8 (134) (?!(2064|1040))	1403	inanimate	studied	none	nr	1	test	4	134	flute	testp1
(#2) 8 (155) 2064	1200	inanimate	distractor	new	cr	1	test	2	155	net	testp1
(#2) 8 2064 (155)	1201	inanimate	distractor	new	cr	1	test	2	155	net	testp1
(#2) 2064 8 (155)	1202	inanimate	distractor	new	cr	1	test	2	155	net	testp1
(#2) 8 (155) 1040	1210	inanimate	distractor	old	fa	1	test	2	155	net	testp1
(#2) 8 1040 (155)	1211	inanimate	distractor	old	fa	1	test	2	155	net	testp1
(#2) 1040 8 (155)	1212	inanimate	distractor	old	fa	1	test	2	155	net	testp1
(#2) 8 (155) (?!(2064|1040))	1203	inanimate	distractor	none	nr	1	test	2	155	net	testp1
(#4) 8 (103) 1040	1400	inanimate	studied	old	hit	1	test	4	103	ballhoop	testp1
(#4) 8 1040 (103)	1401	inanimate	studied	old	hit	1	test	4	103	ballhoop	testp1
(#4) 1040 8 (103)	1402	inanimate	studied	old	hit	1	test	4	103	ballhoop	testp1
(#4) 8 (103) 2064	1410	inanimate	studied	new	miss	1	test	4	103	ballhoop	testp1
(#4) 8 2064 (103)	1411	inanimate	studied	new	miss	1	test	4	103	ballhoop	testp1
(#4) 2064 8 (103)	1412	inanimate	studied	new	miss	1	test	4	103	ballhoop	testp1
(#4) 8 (103) (?!(2064|1040))	1403	inanimate	studied	none	nr	1	test	4	103	ballhoop	testp1
(#4) 8 (159) 1040	1400	inanimate	studied	old	hit	1	test	4	159	pen	testp1
(#4) 8 1040 (159)	1401	inanimate	studied	old	hit	1	test	4	159	pen	testp1
(#4) 1040 8 (159)	1402	inanimate	studied	old	hit	1	test	4	159	pen	testp1
(#4) 8 (159) 2064	1410	inanimate	studied	new	miss	1	test	4	159	pen	testp1
(#4) 8 2064 (159)	1411	inanimate	studied	new	miss	1	test	4	159	pen	testp1
(#4) 2064 8 (159)	1412	inanimate	studied	new	miss	1	test	4	159	pen	testp1
(#4) 8 (159) (?!(2064|1040))	1403	inanimate	studied	none	nr	1	test	4	159	pen	testp1
(#4) 8 (118) 1040	1400	inanimate	studied	old	hit	1	test	4	118	cd	testp1
(#4) 8 1040 (118)	1401	inanimate	studied	old	hit	1	test	4	118	cd	testp1
(#4) 1040 8 (118)	1402	inanimate	studied	old	hit	1	test	4	118	cd	testp1
(#4) 8 (118) 2064	1410	inanimate	studied	new	miss	1	test	4	118	cd	testp1
(#4) 8 2064 (118)	1411	inanimate	studied	new	miss	1	test	4	118	cd	testp1
(#4) 2064 8 (118)	1412	inanimate	studied	new	miss	1	test	4	118	cd	testp1
(#4) 8 (118) (?!(2064|1040))	1403	inanimate	studied	none	nr	1	test	4	118	cd	testp1
(#4) 8 (122) 1040	1400	inanimate	studied	old	hit	1	test	4	122	church	testp1
(#4) 8 1040 (122)	1401	inanimate	studied	old	hit	1	test	4	122	church	testp1
(#4) 1040 8 (122)	1402	inanimate	studied	old	hit	1	test	4	122	church	testp1
(#4) 8 (122) 2064	1410	inanimate	studied	new	miss	1	test	4	122	church	testp1
(#4) 8 2064 (122)	1411	inanimate	studied	new	miss	1	test	4	122	church	testp1
(#4) 2064 8 (122)	1412	inanimate	studied	new	miss	1	test	4	122	church	testp1
(#4) 8 (122) (?!(2064|1040))	1403	inanimate	studied	none	nr	1	test	4	122	church	testp1
(#3) 8 (126) 1040	1300	animate	studied	old	hit	1	test	3	126	deer	testp1
(#3) 8 1040 (126)	1301	animate	studied	old	hit	1	test	3	126	deer	testp1
(#3) 1040 8 (126)	1302	animate	studied	old	hit	1	test	3	126	deer	testp1
(#3) 8 (126) 2064	1310	animate	studied	new	miss	1	test	3	126	deer	testp1
(#3) 8 2064 (126)	1311	animate	studied	new	miss	1	test	3	126	deer	testp1
(#3) 2064 8 (126)	1312	animate	studied	new	miss	1	test	3	126	deer	testp1
(#3) 8 (126) (?!(2064|1040))	1303	animate	studied	none	nr	1	test	3	126	deer	testp1
(#4) 8 (183) 1040	1400	inanimate	studied	old	hit	1	test	4	183	stool	testp1
(#4) 8 1040 (183)	1401	inanimate	studied	old	hit	1	test	4	183	stool	testp1
(#4) 1040 8 (183)	1402	inanimate	studied	old	hit	1	test	4	183	stool	testp1
(#4) 8 (183) 2064	1410	inanimate	studied	new	miss	1	test	4	183	stool	testp1
(#4) 8 2064 (183)	1411	inanimate	studied	new	miss	1	test	4	183	stool	testp1
(#4) 2064 8 (183)	1412	inanimate	studied	new	miss	1	test	4	183	stool	testp1
(#4) 8 (183) (?!(2064|1040))	1403	inanimate	studied	none	nr	1	test	4	183	stool	testp1
(#4) 8 (172) 1040	1400	inanimate	studied	old	hit	1	test	4	172	scissors	testp1
(#4) 8 1040 (172)	1401	inanimate	studied	old	hit	1	test	4	172	scissors	testp1
(#4) 1040 8 (172)	1402	inanimate	studied	old	hit	1	test	4	172	scissors	testp1
(#4) 8 (172) 2064	1410	inanimate	studied	new	miss	1	test	4	172	scissors	testp1
(#4) 8 2064 (172)	1411	inanimate	studied	new	miss	1	test	4	172	scissors	testp1
(#4) 2064 8 (172)	1412	inanimate	studied	new	miss	1	test	4	172	scissors	testp1
(#4) 8 (172) (?!(2064|1040))	1403	inanimate	studied	none	nr	1	test	4	172	scissors	testp1
(#1) 8 (108) 2064	1100	animate	distractor	new	cr	1	test	1	108	bird	testp1
(#1) 8 2064 (108)	1101	animate	distractor	new	cr	1	test	1	108	bird	testp1
(#1) 2064 8 (108)	1102	animate	distractor	new	cr	1	test	1	108	bird	testp1
(#1) 8 (108) 1040	1110	animate	distractor	old	fa	1	test	1	108	bird	testp1
(#1) 8 1040 (108)	1111	animate	distractor	old	fa	1	test	1	108	bird	testp1
(#1) 1040 8 (108)	1112	animate	distractor	old	fa	1	test	1	108	bird	testp1
(#1) 8 (108) (?!(2064|1040))	1103	animate	distractor	none	nr	1	test	1	108	bird	testp1
(#3) 8 (174) 1040	1300	animate	studied	old	hit	1	test	3	174	seashell	testp1
(#3) 8 1040 (174)	1301	animate	studied	old	hit	1	test	3	174	seashell	testp1
(#3) 1040 8 (174)	1302	animate	studied	old	hit	1	test	3	174	seashell	testp1
(#3) 8 (174) 2064	1310	animate	studied	new	miss	1	test	3	174	seashell	testp1
(#3) 8 2064 (174)	1311	animate	studied	new	miss	1	test	3	174	seashell	testp1
(#3) 2064 8 (174)	1312	animate	studied	new	miss	1	test	3	174	seashell	testp1
(#3) 8 (174) (?!(2064|1040))	1303	animate	studied	none	nr	1	test	3	174	seashell	testp1
(#4) 8 (193) 1040	1400	inanimate	studied	old	hit	1	test	4	193	umbrella	testp1
(#4) 8 1040 (193)	1401	inanimate	studied	old	hit	1	test	4	193	umbrella	testp1
(#4) 1040 8 (193)	1402	inanimate	studied	old	hit	1	test	4	193	umbrella	testp1
(#4) 8 (193) 2064	1410	inanimate	studied	new	miss	1	test	4	193	umbrella	testp1
(#4) 8 2064 (193)	1411	inanimate	studied	new	miss	1	test	4	193	umbrella	testp1
(#4) 2064 8 (193)	1412	inanimate	studied	new	miss	1	test	4	193	umbrella	testp1
(#4) 8 (193) (?!(2064|1040))	1403	inanimate	studied	none	nr	1	test	4	193	umbrella	testp1
(#2) 8 (139) 2064	1200	inanimate	distractor	new	cr	1	test	2	139	harp	testp1
(#2) 8 2064 (139)	1201	inanimate	distractor	new	cr	1	test	2	139	harp	testp1
(#2) 2064 8 (139)	1202	inanimate	distractor	new	cr	1	test	2	139	harp	testp1
(#2) 8 (139) 1040	1210	inanimate	distractor	old	fa	1	test	2	139	harp	testp1
(#2) 8 1040 (139)	1211	inanimate	distractor	old	fa	1	test	2	139	harp	testp1
(#2) 1040 8 (139)	1212	inanimate	distractor	old	fa	1	test	2	139	harp	testp1
(#2) 8 (139) (?!(2064|1040))	1203	inanimate	distractor	none	nr	1	test	2	139	harp	testp1
(#1) 8 (145) 2064	1100	animate	distractor	new	cr	1	test	1	145	koala	testp1
(#1) 8 2064 (145)	1101	animate	distractor	new	cr	1	test	1	145	koala	testp1
(#1) 2064 8 (145)	1102	animate	distractor	new	cr	1	test	1	145	koala	testp1
(#1) 8 (145) 1040	1110	animate	distractor	old	fa	1	test	1	145	koala	testp1
(#1) 8 1040 (145)	1111	animate	distractor	old	fa	1	test	1	145	koala	testp1
(#1) 1040 8 (145)	1112	animate	distractor	old	fa	1	test	1	145	koala	testp1
(#1) 8 (145) (?!(2064|1040))	1103	animate	distractor	none	nr	1	test	1	145	koala	testp1
(#2) 8 (109) 2064	1200	inanimate	distractor	new	cr	1	test	2	109	bracelet	testp1
(#2) 8 2064 (109)	1201	inanimate	distractor	new	cr	1	test	2	109	bracelet	testp1
(#2) 2064 8 (109)	1202	inanimate	distractor	new	cr	1	test	2	109	bracelet	testp1
(#2) 8 (109) 1040	1210	inanimate	distractor	old	fa	1	test	2	109	bracelet	testp1
(#2) 8 1040 (109)	1211	inanimate	distractor	old	fa	1	test	2	109	bracelet	testp1
(#2) 1040 8 (109)	1212	inanimate	distractor	old	fa	1	test	2	109	bracelet	testp1
(#2) 8 (109) (?!(2064|1040))	1203	inanimate	distractor	none	nr	1	test	2	109	bracelet	testp1
(#3) 8 (133) 1040	1300	animate	studied	old	hit	1	test	3	133	flamingo	testp1
(#3) 8 1040 (133)	1301	animate	studied	old	hit	1	test	3	133	flamingo	testp1
(#3) 1040 8 (133)	1302	animate	studied	old	hit	1	test	3	133	flamingo	testp1
(#3) 8 (133) 2064	1310	animate	studied	new	miss	1	test	3	133	flamingo	testp1
(#3) 8 2064 (133)	1311	animate	studied	new	miss	1	test	3	133	flamingo	testp1
(#3) 2064 8 (133)	1312	animate	studied	new	miss	1	test	3	133	flamingo	testp1
(#3) 8 (133) (?!(2064|1040))	1303	animate	studied	none	nr	1	test	3	133	flamingo	testp1
(#3) 8 (179) 1040	1300	animate	studied	old	hit	1	test	3	179	spider	testp1
(#3) 8 1040 (179)	1301	animate	studied	old	hit	1	test	3	179	spider	testp1
(#3) 1040 8 (179)	1302	animate	studied	old	hit	1	test	3	179	spider	testp1
(#3) 8 (179) 2064	1310	animate	studied	new	miss	1	test	3	179	spider	testp1
(#3) 8 2064 (179)	1311	animate	studied	new	miss	1	test	3	179	spider	testp1
(#3) 2064 8 (179)	1312	animate	studied	new	miss	1	test	3	179	spider	testp1
(#3) 8 (179) (?!(2064|1040))	1303	animate	studied	none	nr	1	test	3	179	spider	testp1
(#4) 8 (116) 1040	1400	inanimate	studied	old	hit	1	test	4	116	candle	testp1
(#4) 8 1040 (116)	1401	inanimate	studied	old	hit	1	test	4	116	candle	testp1
(#4) 1040 8 (116)	1402	inanimate	studied	old	hit	1	test	4	116	candle	testp1
(#4) 8 (116) 2064	1410	inanimate	studied	new	miss	1	test	4	116	candle	testp1
(#4) 8 2064 (116)	1411	inanimate	studied	new	miss	1	test	4	116	candle	testp1
(#4) 2064 8 (116)	1412	inanimate	studied	new	miss	1	test	4	116	candle	testp1
(#4) 8 (116) (?!(2064|1040))	1403	inanimate	studied	none	nr	1	test	4	116	candle	testp1
(#2) 8 (132) 2064	1200	inanimate	distractor	new	cr	1	test	2	132	fireplac	testp1
(#2) 8 2064 (132)	1201	inanimate	distractor	new	cr	1	test	2	132	fireplac	testp1
(#2) 2064 8 (132)	1202	inanimate	distractor	new	cr	1	test	2	132	fireplac	testp1
(#2) 8 (132) 1040	1210	inanimate	distractor	old	fa	1	test	2	132	fireplac	testp1
(#2) 8 1040 (132)	1211	inanimate	distractor	old	fa	1	test	2	132	fireplac	testp1
(#2) 1040 8 (132)	1212	inanimate	distractor	old	fa	1	test	2	132	fireplac	testp1
(#2) 8 (132) (?!(2064|1040))	1203	inanimate	distractor	none	nr	1	test	2	132	fireplac	testp1
(#2) 8 (167) 2064	1200	inanimate	distractor	new	cr	1	test	2	167	refridge	testp1
(#2) 8 2064 (167)	1201	inanimate	distractor	new	cr	1	test	2	167	refridge	testp1
(#2) 2064 8 (167)	1202	inanimate	distractor	new	cr	1	test	2	167	refridge	testp1
(#2) 8 (167) 1040	1210	inanimate	distractor	old	fa	1	test	2	167	refridge	testp1
(#2) 8 1040 (167)	1211	inanimate	distractor	old	fa	1	test	2	167	refridge	testp1
(#2) 1040 8 (167)	1212	inanimate	distractor	old	fa	1	test	2	167	refridge	testp1
(#2) 8 (167) (?!(2064|1040))	1203	inanimate	distractor	none	nr	1	test	2	167	refridge	testp1
(#1) 8 (189) 2064	1100	animate	distractor	new	cr	1	test	1	189	tiger	testp1
(#1) 8 2064 (189)	1101	animate	distractor	new	cr	1	test	1	189	tiger	testp1
(#1) 2064 8 (189)	1102	animate	distractor	new	cr	1	test	1	189	tiger	testp1
(#1) 8 (189) 1040	1110	animate	distractor	old	fa	1	test	1	189	tiger	testp1
(#1) 8 1040 (189)	1111	animate	distractor	old	fa	1	test	1	189	tiger	testp1
(#1) 1040 8 (189)	1112	animate	distractor	old	fa	1	test	1	189	tiger	testp1
(#1) 8 (189) (?!(2064|1040))	1103	animate	distractor	none	nr	1	test	1	189	tiger	testp1
(#4) 8 (173) 1040	1400	inanimate	studied	old	hit	1	test	4	173	scrwdriv	testp1
(#4) 8 1040 (173)	1401	inanimate	studied	old	hit	1	test	4	173	scrwdriv	testp1
(#4) 1040 8 (173)	1402	inanimate	studied	old	hit	1	test	4	173	scrwdriv	testp1
(#4) 8 (173) 2064	1410	inanimate	studied	new	miss	1	test	4	173	scrwdriv	testp1
(#4) 8 2064 (173)	1411	inanimate	studied	new	miss	1	test	4	173	scrwdriv	testp1
(#4) 2064 8 (173)	1412	inanimate	studied	new	miss	1	test	4	173	scrwdriv	testp1
(#4) 8 (173) (?!(2064|1040))	1403	inanimate	studied	none	nr	1	test	4	173	scrwdriv	testp1
(#1) 8 (130) 2064	1100	animate	distractor	new	cr	1	test	1	130	eye	testp1
(#1) 8 2064 (130)	1101	animate	distractor	new	cr	1	test	1	130	eye	testp1
(#1) 2064 8 (130)	1102	animate	distractor	new	cr	1	test	1	130	eye	testp1
(#1) 8 (130) 1040	1110	animate	distractor	old	fa	1	test	1	130	eye	testp1
(#1) 8 1040 (130)	1111	animate	distractor	old	fa	1	test	1	130	eye	testp1
(#1) 1040 8 (130)	1112	animate	distractor	old	fa	1	test	1	130	eye	testp1
(#1) 8 (130) (?!(2064|1040))	1103	animate	distractor	none	nr	1	test	1	130	eye	testp1
(#4) 8 (190) 1040	1400	inanimate	studied	old	hit	1	test	4	190	tissue	testp1
(#4) 8 1040 (190)	1401	inanimate	studied	old	hit	1	test	4	190	tissue	testp1
(#4) 1040 8 (190)	1402	inanimate	studied	old	hit	1	test	4	190	tissue	testp1
(#4) 8 (190) 2064	1410	inanimate	studied	new	miss	1	test	4	190	tissue	testp1
(#4) 8 2064 (190)	1411	inanimate	studied	new	miss	1	test	4	190	tissue	testp1
(#4) 2064 8 (190)	1412	inanimate	studied	new	miss	1	test	4	190	tissue	testp1
(#4) 8 (190) (?!(2064|1040))	1403	inanimate	studied	none	nr	1	test	4	190	tissue	testp1
(#4) 8 (124) 1040	1400	inanimate	studied	old	hit	1	test	4	124	comb	testp1
(#4) 8 1040 (124)	1401	inanimate	studied	old	hit	1	test	4	124	comb	testp1
(#4) 1040 8 (124)	1402	inanimate	studied	old	hit	1	test	4	124	comb	testp1
(#4) 8 (124) 2064	1410	inanimate	studied	new	miss	1	test	4	124	comb	testp1
(#4) 8 2064 (124)	1411	inanimate	studied	new	miss	1	test	4	124	comb	testp1
(#4) 2064 8 (124)	1412	inanimate	studied	new	miss	1	test	4	124	comb	testp1
(#4) 8 (124) (?!(2064|1040))	1403	inanimate	studied	none	nr	1	test	4	124	comb	testp1
(#4) 8 (107) 1040	1400	inanimate	studied	old	hit	1	test	4	107	bell	testp1
(#4) 8 1040 (107)	1401	inanimate	studied	old	hit	1	test	4	107	bell	testp1
(#4) 1040 8 (107)	1402	inanimate	studied	old	hit	1	test	4	107	bell	testp1
(#4) 8 (107) 2064	1410	inanimate	studied	new	miss	1	test	4	107	bell	testp1
(#4) 8 2064 (107)	1411	inanimate	studied	new	miss	1	test	4	107	bell	testp1
(#4) 2064 8 (107)	1412	inanimate	studied	new	miss	1	test	4	107	bell	testp1
(#4) 8 (107) (?!(2064|1040))	1403	inanimate	studied	none	nr	1	test	4	107	bell	testp1
(#4) 8 (188) 1040	1400	inanimate	studied	old	hit	1	test	4	188	tapemeas	testp1
(#4) 8 1040 (188)	1401	inanimate	studied	old	hit	1	test	4	188	tapemeas	testp1
(#4) 1040 8 (188)	1402	inanimate	studied	old	hit	1	test	4	188	tapemeas	testp1
(#4) 8 (188) 2064	1410	inanimate	studied	new	miss	1	test	4	188	tapemeas	testp1
(#4) 8 2064 (188)	1411	inanimate	studied	new	miss	1	test	4	188	tapemeas	testp1
(#4) 2064 8 (188)	1412	inanimate	studied	new	miss	1	test	4	188	tapemeas	testp1
(#4) 8 (188) (?!(2064|1040))	1403	inanimate	studied	none	nr	1	test	4	188	tapemeas	testp1
(#4) 8 (131) 1040	1400	inanimate	studied	old	hit	1	test	4	131	firengin	testp1
(#4) 8 1040 (131)	1401	inanimate	studied	old	hit	1	test	4	131	firengin	testp1
(#4) 1040 8 (131)	1402	inanimate	studied	old	hit	1	test	4	131	firengin	testp1
(#4) 8 (131) 2064	1410	inanimate	studied	new	miss	1	test	4	131	firengin	testp1
(#4) 8 2064 (131)	1411	inanimate	studied	new	miss	1	test	4	131	firengin	testp1
(#4) 2064 8 (131)	1412	inanimate	studied	new	miss	1	test	4	131	firengin	testp1
(#4) 8 (131) (?!(2064|1040))	1403	inanimate	studied	none	nr	1	test	4	131	firengin	testp1
(#3) 8 (101) 1040	1300	animate	studied	old	hit	1	test	3	101	allgator	testp1
(#3) 8 1040 (101)	1301	animate	studied	old	hit	1	test	3	101	allgator	testp1
(#3) 1040 8 (101)	1302	animate	studied	old	hit	1	test	3	101	allgator	testp1
(#3) 8 (101) 2064	1310	animate	studied	new	miss	1	test	3	101	allgator	testp1
(#3) 8 2064 (101)	1311	animate	studied	new	miss	1	test	3	101	allgator	testp1
(#3) 2064 8 (101)	1312	animate	studied	new	miss	1	test	3	101	allgator	testp1
(#3) 8 (101) (?!(2064|1040))	1303	animate	studied	none	nr	1	test	3	101	allgator	testp1
(#2) 8 (200) 2064	1200	inanimate	distractor	new	cr	1	test	2	200	wrench	testp1
(#2) 8 2064 (200)	1201	inanimate	distractor	new	cr	1	test	2	200	wrench	testp1
(#2) 2064 8 (200)	1202	inanimate	distractor	new	cr	1	test	2	200	wrench	testp1
(#2) 8 (200) 1040	1210	inanimate	distractor	old	fa	1	test	2	200	wrench	testp1
(#2) 8 1040 (200)	1211	inanimate	distractor	old	fa	1	test	2	200	wrench	testp1
(#2) 1040 8 (200)	1212	inanimate	distractor	old	fa	1	test	2	200	wrench	testp1
(#2) 8 (200) (?!(2064|1040))	1203	inanimate	distractor	none	nr	1	test	2	200	wrench	testp1
(#4) 8 (143) 1040	1400	inanimate	studied	old	hit	1	test	4	143	jacket	testp1
(#4) 8 1040 (143)	1401	inanimate	studied	old	hit	1	test	4	143	jacket	testp1
(#4) 1040 8 (143)	1402	inanimate	studied	old	hit	1	test	4	143	jacket	testp1
(#4) 8 (143) 2064	1410	inanimate	studied	new	miss	1	test	4	143	jacket	testp1
(#4) 8 2064 (143)	1411	inanimate	studied	new	miss	1	test	4	143	jacket	testp1
(#4) 2064 8 (143)	1412	inanimate	studied	new	miss	1	test	4	143	jacket	testp1
(#4) 8 (143) (?!(2064|1040))	1403	inanimate	studied	none	nr	1	test	4	143	jacket	testp1
(#4) 8 (149) 1040	1400	inanimate	studied	old	hit	1	test	4	149	lock	testp1
(#4) 8 1040 (149)	1401	inanimate	studied	old	hit	1	test	4	149	lock	testp1
(#4) 1040 8 (149)	1402	inanimate	studied	old	hit	1	test	4	149	lock	testp1
(#4) 8 (149) 2064	1410	inanimate	studied	new	miss	1	test	4	149	lock	testp1
(#4) 8 2064 (149)	1411	inanimate	studied	new	miss	1	test	4	149	lock	testp1
(#4) 2064 8 (149)	1412	inanimate	studied	new	miss	1	test	4	149	lock	testp1
(#4) 8 (149) (?!(2064|1040))	1403	inanimate	studied	none	nr	1	test	4	149	lock	testp1
(#2) 8 (165) 2064	1200	inanimate	distractor	new	cr	1	test	2	165	prkngmtr	testp1
(#2) 8 2064 (165)	1201	inanimate	distractor	new	cr	1	test	2	165	prkngmtr	testp1
(#2) 2064 8 (165)	1202	inanimate	distractor	new	cr	1	test	2	165	prkngmtr	testp1
(#2) 8 (165) 1040	1210	inanimate	distractor	old	fa	1	test	2	165	prkngmtr	testp1
(#2) 8 1040 (165)	1211	inanimate	distractor	old	fa	1	test	2	165	prkngmtr	testp1
(#2) 1040 8 (165)	1212	inanimate	distractor	old	fa	1	test	2	165	prkngmtr	testp1
(#2) 8 (165) (?!(2064|1040))	1203	inanimate	distractor	none	nr	1	test	2	165	prkngmtr	testp1
(#2) 8 (113) 2064	1200	inanimate	distractor	new	cr	1	test	2	113	bsbllglv	testp1
(#2) 8 2064 (113)	1201	inanimate	distractor	new	cr	1	test	2	113	bsbllglv	testp1
(#2) 2064 8 (113)	1202	inanimate	distractor	new	cr	1	test	2	113	bsbllglv	testp1
(#2) 8 (113) 1040	1210	inanimate	distractor	old	fa	1	test	2	113	bsbllglv	testp1
(#2) 8 1040 (113)	1211	inanimate	distractor	old	fa	1	test	2	113	bsbllglv	testp1
(#2) 1040 8 (113)	1212	inanimate	distractor	old	fa	1	test	2	113	bsbllglv	testp1
(#2) 8 (113) (?!(2064|1040))	1203	inanimate	distractor	none	nr	1	test	2	113	bsbllglv	testp1
(#4) 8 (147) 1040	1400	inanimate	studied	old	hit	1	test	4	147	lighter	testp1
(#4) 8 1040 (147)	1401	inanimate	studied	old	hit	1	test	4	147	lighter	testp1
(#4) 1040 8 (147)	1402	inanimate	studied	old	hit	1	test	4	147	lighter	testp1
(#4) 8 (147) 2064	1410	inanimate	studied	new	miss	1	test	4	147	lighter	testp1
(#4) 8 2064 (147)	1411	inanimate	studied	new	miss	1	test	4	147	lighter	testp1
(#4) 2064 8 (147)	1412	inanimate	studied	new	miss	1	test	4	147	lighter	testp1
(#4) 8 (147) (?!(2064|1040))	1403	inanimate	studied	none	nr	1	test	4	147	lighter	testp1
(#2) 8 (150) 2064	1200	inanimate	distractor	new	cr	1	test	2	150	mailbox	testp1
(#2) 8 2064 (150)	1201	inanimate	distractor	new	cr	1	test	2	150	mailbox	testp1
(#2) 2064 8 (150)	1202	inanimate	distractor	new	cr	1	test	2	150	mailbox	testp1
(#2) 8 (150) 1040	1210	inanimate	distractor	old	fa	1	test	2	150	mailbox	testp1
(#2) 8 1040 (150)	1211	inanimate	distractor	old	fa	1	test	2	150	mailbox	testp1
(#2) 1040 8 (150)	1212	inanimate	distractor	old	fa	1	test	2	150	mailbox	testp1
(#2) 8 (150) (?!(2064|1040))	1203	inanimate	distractor	none	nr	1	test	2	150	mailbox	testp1
(#2) 8 (162) 2064	1200	inanimate	distractor	new	cr	1	test	2	162	pitcher	testp1
(#2) 8 2064 (162)	1201	inanimate	distractor	new	cr	1	test	2	162	pitcher	testp1
(#2) 2064 8 (162)	1202	inanimate	distractor	new	cr	1	test	2	162	pitcher	testp1
(#2) 8 (162) 1040	1210	inanimate	distractor	old	fa	1	test	2	162	pitcher	testp1
(#2) 8 1040 (162)	1211	inanimate	distractor	old	fa	1	test	2	162	pitcher	testp1
(#2) 1040 8 (162)	1212	inanimate	distractor	old	fa	1	test	2	162	pitcher	testp1
(#2) 8 (162) (?!(2064|1040))	1203	inanimate	distractor	none	nr	1	test	2	162	pitcher	testp1
(#4) 8 (195) 1040	1400	inanimate	studied	old	hit	1	test	4	195	vest	testp1
(#4) 8 1040 (195)	1401	inanimate	studied	old	hit	1	test	4	195	vest	testp1
(#4) 1040 8 (195)	1402	inanimate	studied	old	hit	1	test	4	195	vest	testp1
(#4) 8 (195) 2064	1410	inanimate	studied	new	miss	1	test	4	195	vest	testp1
(#4) 8 2064 (195)	1411	inanimate	studied	new	miss	1	test	4	195	vest	testp1
(#4) 2064 8 (195)	1412	inanimate	studied	new	miss	1	test	4	195	vest	testp1
(#4) 8 (195) (?!(2064|1040))	1403	inanimate	studied	none	nr	1	test	4	195	vest	testp1
(#2) 8 (181) 2064	1200	inanimate	distractor	new	cr	1	test	2	181	sprybtle	testp1
(#2) 8 2064 (181)	1201	inanimate	distractor	new	cr	1	test	2	181	sprybtle	testp1
(#2) 2064 8 (181)	1202	inanimate	distractor	new	cr	1	test	2	181	sprybtle	testp1
(#2) 8 (181) 1040	1210	inanimate	distractor	old	fa	1	test	2	181	sprybtle	testp1
(#2) 8 1040 (181)	1211	inanimate	distractor	old	fa	1	test	2	181	sprybtle	testp1
(#2) 1040 8 (181)	1212	inanimate	distractor	old	fa	1	test	2	181	sprybtle	testp1
(#2) 8 (181) (?!(2064|1040))	1203	inanimate	distractor	none	nr	1	test	2	181	sprybtle	testp1
(#3) 8 (160) 1040	1300	animate	studied	old	hit	1	test	3	160	penguin	testp1
(#3) 8 1040 (160)	1301	animate	studied	old	hit	1	test	3	160	penguin	testp1
(#3) 1040 8 (160)	1302	animate	studied	old	hit	1	test	3	160	penguin	testp1
(#3) 8 (160) 2064	1310	animate	studied	new	miss	1	test	3	160	penguin	testp1
(#3) 8 2064 (160)	1311	animate	studied	new	miss	1	test	3	160	penguin	testp1
(#3) 2064 8 (160)	1312	animate	studied	new	miss	1	test	3	160	penguin	testp1
(#3) 8 (160) (?!(2064|1040))	1303	animate	studied	none	nr	1	test	3	160	penguin	testp1
(#3) 8 (153) 1040	1300	animate	studied	old	hit	1	test	3	153	mushroom	testp1
(#3) 8 1040 (153)	1301	animate	studied	old	hit	1	test	3	153	mushroom	testp1
(#3) 1040 8 (153)	1302	animate	studied	old	hit	1	test	3	153	mushroom	testp1
(#3) 8 (153) 2064	1310	animate	studied	new	miss	1	test	3	153	mushroom	testp1
(#3) 8 2064 (153)	1311	animate	studied	new	miss	1	test	3	153	mushroom	testp1
(#3) 2064 8 (153)	1312	animate	studied	new	miss	1	test	3	153	mushroom	testp1
(#3) 8 (153) (?!(2064|1040))	1303	animate	studied	none	nr	1	test	3	153	mushroom	testp1
(#4) 8 (191) 1040	1400	inanimate	studied	old	hit	1	test	4	191	trophy	testp1
(#4) 8 1040 (191)	1401	inanimate	studied	old	hit	1	test	4	191	trophy	testp1
(#4) 1040 8 (191)	1402	inanimate	studied	old	hit	1	test	4	191	trophy	testp1
(#4) 8 (191) 2064	1410	inanimate	studied	new	miss	1	test	4	191	trophy	testp1
(#4) 8 2064 (191)	1411	inanimate	studied	new	miss	1	test	4	191	trophy	testp1
(#4) 2064 8 (191)	1412	inanimate	studied	new	miss	1	test	4	191	trophy	testp1
(#4) 8 (191) (?!(2064|1040))	1403	inanimate	studied	none	nr	1	test	4	191	trophy	testp1
(#2) 8 (187) 2064	1200	inanimate	distractor	new	cr	1	test	2	187	table	testp1
(#2) 8 2064 (187)	1201	inanimate	distractor	new	cr	1	test	2	187	table	testp1
(#2) 2064 8 (187)	1202	inanimate	distractor	new	cr	1	test	2	187	table	testp1
(#2) 8 (187) 1040	1210	inanimate	distractor	old	fa	1	test	2	187	table	testp1
(#2) 8 1040 (187)	1211	inanimate	distractor	old	fa	1	test	2	187	table	testp1
(#2) 1040 8 (187)	1212	inanimate	distractor	old	fa	1	test	2	187	table	testp1
(#2) 8 (187) (?!(2064|1040))	1203	inanimate	distractor	none	nr	1	test	2	187	table	testp1
(#2) 8 (177) 2064	1200	inanimate	distractor	new	cr	1	test	2	177	socerbal	testp1
(#2) 8 2064 (177)	1201	inanimate	distractor	new	cr	1	test	2	177	socerbal	testp1
(#2) 2064 8 (177)	1202	inanimate	distractor	new	cr	1	test	2	177	socerbal	testp1
(#2) 8 (177) 1040	1210	inanimate	distractor	old	fa	1	test	2	177	socerbal	testp1
(#2) 8 1040 (177)	1211	inanimate	distractor	old	fa	1	test	2	177	socerbal	testp1
(#2) 1040 8 (177)	1212	inanimate	distractor	old	fa	1	test	2	177	socerbal	testp1
(#2) 8 (177) (?!(2064|1040))	1203	inanimate	distractor	none	nr	1	test	2	177	socerbal	testp1
(#1) 8 (156) 2064	1100	animate	distractor	new	cr	1	test	1	156	palmtree	testp1
(#1) 8 2064 (156)	1101	animate	distractor	new	cr	1	test	1	156	palmtree	testp1
(#1) 2064 8 (156)	1102	animate	distractor	new	cr	1	test	1	156	palmtree	testp1
(#1) 8 (156) 1040	1110	animate	distractor	old	fa	1	test	1	156	palmtree	testp1
(#1) 8 1040 (156)	1111	animate	distractor	old	fa	1	test	1	156	palmtree	testp1
(#1) 1040 8 (156)	1112	animate	distractor	old	fa	1	test	1	156	palmtree	testp1
(#1) 8 (156) (?!(2064|1040))	1103	animate	distractor	none	nr	1	test	1	156	palmtree	testp1
(#3) 8 (146) 1040	1300	animate	studied	old	hit	1	test	3	146	leopard	testp1
(#3) 8 1040 (146)	1301	animate	studied	old	hit	1	test	3	146	leopard	testp1
(#3) 1040 8 (146)	1302	animate	studied	old	hit	1	test	3	146	leopard	testp1
(#3) 8 (146) 2064	1310	animate	studied	new	miss	1	test	3	146	leopard	testp1
(#3) 8 2064 (146)	1311	animate	studied	new	miss	1	test	3	146	leopard	testp1
(#3) 2064 8 (146)	1312	animate	studied	new	miss	1	test	3	146	leopard	testp1
(#3) 8 (146) (?!(2064|1040))	1303	animate	studied	none	nr	1	test	3	146	leopard	testp1
(#2) 8 (152) 2064	1200	inanimate	distractor	new	cr	1	test	2	152	motrcyle	testp1
(#2) 8 2064 (152)	1201	inanimate	distractor	new	cr	1	test	2	152	motrcyle	testp1
(#2) 2064 8 (152)	1202	inanimate	distractor	new	cr	1	test	2	152	motrcyle	testp1
(#2) 8 (152) 1040	1210	inanimate	distractor	old	fa	1	test	2	152	motrcyle	testp1
(#2) 8 1040 (152)	1211	inanimate	distractor	old	fa	1	test	2	152	motrcyle	testp1
(#2) 1040 8 (152)	1212	inanimate	distractor	old	fa	1	test	2	152	motrcyle	testp1
(#2) 8 (152) (?!(2064|1040))	1203	inanimate	distractor	none	nr	1	test	2	152	motrcyle	testp1
(#2) 8 (164) 2064	1200	inanimate	distractor	new	cr	1	test	2	164	pliers	testp1
(#2) 8 2064 (164)	1201	inanimate	distractor	new	cr	1	test	2	164	pliers	testp1
(#2) 2064 8 (164)	1202	inanimate	distractor	new	cr	1	test	2	164	pliers	testp1
(#2) 8 (164) 1040	1210	inanimate	distractor	old	fa	1	test	2	164	pliers	testp1
(#2) 8 1040 (164)	1211	inanimate	distractor	old	fa	1	test	2	164	pliers	testp1
(#2) 1040 8 (164)	1212	inanimate	distractor	old	fa	1	test	2	164	pliers	testp1
(#2) 8 (164) (?!(2064|1040))	1203	inanimate	distractor	none	nr	1	test	2	164	pliers	testp1
(#4) 8 (151) 1040	1400	inanimate	studied	old	hit	1	test	4	151	moon	testp1
(#4) 8 1040 (151)	1401	inanimate	studied	old	hit	1	test	4	151	moon	testp1
(#4) 1040 8 (151)	1402	inanimate	studied	old	hit	1	test	4	151	moon	testp1
(#4) 8 (151) 2064	1410	inanimate	studied	new	miss	1	test	4	151	moon	testp1
(#4) 8 2064 (151)	1411	inanimate	studied	new	miss	1	test	4	151	moon	testp1
(#4) 2064 8 (151)	1412	inanimate	studied	new	miss	1	test	4	151	moon	testp1
(#4) 8 (151) (?!(2064|1040))	1403	inanimate	studied	none	nr	1	test	4	151	moon	testp1
(#3) 8 (140) 1040	1300	animate	studied	old	hit	1	test	3	140	horse	testp1
(#3) 8 1040 (140)	1301	animate	studied	old	hit	1	test	3	140	horse	testp1
(#3) 1040 8 (140)	1302	animate	studied	old	hit	1	test	3	140	horse	testp1
(#3) 8 (140) 2064	1310	animate	studied	new	miss	1	test	3	140	horse	testp1
(#3) 8 2064 (140)	1311	animate	studied	new	miss	1	test	3	140	horse	testp1
(#3) 2064 8 (140)	1312	animate	studied	new	miss	1	test	3	140	horse	testp1
(#3) 8 (140) (?!(2064|1040))	1303	animate	studied	none	nr	1	test	3	140	horse	testp1
(#1) 8 (158) 2064	1100	animate	distractor	new	cr	1	test	1	158	pelican	testp1
(#1) 8 2064 (158)	1101	animate	distractor	new	cr	1	test	1	158	pelican	testp1
(#1) 2064 8 (158)	1102	animate	distractor	new	cr	1	test	1	158	pelican	testp1
(#1) 8 (158) 1040	1110	animate	distractor	old	fa	1	test	1	158	pelican	testp1
(#1) 8 1040 (158)	1111	animate	distractor	old	fa	1	test	1	158	pelican	testp1
(#1) 1040 8 (158)	1112	animate	distractor	old	fa	1	test	1	158	pelican	testp1
(#1) 8 (158) (?!(2064|1040))	1103	animate	distractor	none	nr	1	test	1	158	pelican	testp1
(#4) 8 (163) 1040	1400	inanimate	studied	old	hit	1	test	4	163	pitchfrk	testp1
(#4) 8 1040 (163)	1401	inanimate	studied	old	hit	1	test	4	163	pitchfrk	testp1
(#4) 1040 8 (163)	1402	inanimate	studied	old	hit	1	test	4	163	pitchfrk	testp1
(#4) 8 (163) 2064	1410	inanimate	studied	new	miss	1	test	4	163	pitchfrk	testp1
(#4) 8 2064 (163)	1411	inanimate	studied	new	miss	1	test	4	163	pitchfrk	testp1
(#4) 2064 8 (163)	1412	inanimate	studied	new	miss	1	test	4	163	pitchfrk	testp1
(#4) 8 (163) (?!(2064|1040))	1403	inanimate	studied	none	nr	1	test	4	163	pitchfrk	testp1
(#1) 8 (148) 2064	1100	animate	distractor	new	cr	1	test	1	148	lion	testp1
(#1) 8 2064 (148)	1101	animate	distractor	new	cr	1	test	1	148	lion	testp1
(#1) 2064 8 (148)	1102	animate	distractor	new	cr	1	test	1	148	lion	testp1
(#1) 8 (148) 1040	1110	animate	distractor	old	fa	1	test	1	148	lion	testp1
(#1) 8 1040 (148)	1111	animate	distractor	old	fa	1	test	1	148	lion	testp1
(#1) 1040 8 (148)	1112	animate	distractor	old	fa	1	test	1	148	lion	testp1
(#1) 8 (148) (?!(2064|1040))	1103	animate	distractor	none	nr	1	test	1	148	lion	testp1
(#1) 8 (161) 2064	1100	animate	distractor	new	cr	1	test	1	161	pineaple	testp1
(#1) 8 2064 (161)	1101	animate	distractor	new	cr	1	test	1	161	pineaple	testp1
(#1) 2064 8 (161)	1102	animate	distractor	new	cr	1	test	1	161	pineaple	testp1
(#1) 8 (161) 1040	1110	animate	distractor	old	fa	1	test	1	161	pineaple	testp1
(#1) 8 1040 (161)	1111	animate	distractor	old	fa	1	test	1	161	pineaple	testp1
(#1) 1040 8 (161)	1112	animate	distractor	old	fa	1	test	1	161	pineaple	testp1
(#1) 8 (161) (?!(2064|1040))	1103	animate	distractor	none	nr	1	test	1	161	pineaple	testp1
(#1) 8 (135) 2064	1100	animate	distractor	new	cr	1	test	1	135	foot	testp1
(#1) 8 2064 (135)	1101	animate	distractor	new	cr	1	test	1	135	foot	testp1
(#1) 2064 8 (135)	1102	animate	distractor	new	cr	1	test	1	135	foot	testp1
(#1) 8 (135) 1040	1110	animate	distractor	old	fa	1	test	1	135	foot	testp1
(#1) 8 1040 (135)	1111	animate	distractor	old	fa	1	test	1	135	foot	testp1
(#1) 1040 8 (135)	1112	animate	distractor	old	fa	1	test	1	135	foot	testp1
(#1) 8 (135) (?!(2064|1040))	1103	animate	distractor	none	nr	1	test	1	135	foot	testp1
(#2) 8 (168) 2064	1200	inanimate	distractor	new	cr	1	test	2	168	remote	testp1
(#2) 8 2064 (168)	1201	inanimate	distractor	new	cr	1	test	2	168	remote	testp1
(#2) 2064 8 (168)	1202	inanimate	distractor	new	cr	1	test	2	168	remote	testp1
(#2) 8 (168) 1040	1210	inanimate	distractor	old	fa	1	test	2	168	remote	testp1
(#2) 8 1040 (168)	1211	inanimate	distractor	old	fa	1	test	2	168	remote	testp1
(#2) 1040 8 (168)	1212	inanimate	distractor	old	fa	1	test	2	168	remote	testp1
(#2) 8 (168) (?!(2064|1040))	1203	inanimate	distractor	none	nr	1	test	2	168	remote	testp1
(#4) 8 (138) 1040	1400	inanimate	studied	old	hit	1	test	4	138	hanger	testp1
(#4) 8 1040 (138)	1401	inanimate	studied	old	hit	1	test	4	138	hanger	testp1
(#4) 1040 8 (138)	1402	inanimate	studied	old	hit	1	test	4	138	hanger	testp1
(#4) 8 (138) 2064	1410	inanimate	studied	new	miss	1	test	4	138	hanger	testp1
(#4) 8 2064 (138)	1411	inanimate	studied	new	miss	1	test	4	138	hanger	testp1
(#4) 2064 8 (138)	1412	inanimate	studied	new	miss	1	test	4	138	hanger	testp1
(#4) 8 (138) (?!(2064|1040))	1403	inanimate	studied	none	nr	1	test	4	138	hanger	testp1
(#2) 8 (180) 2064	1200	inanimate	distractor	new	cr	1	test	2	180	spoon	testp1
(#2) 8 2064 (180)	1201	inanimate	distractor	new	cr	1	test	2	180	spoon	testp1
(#2) 2064 8 (180)	1202	inanimate	distractor	new	cr	1	test	2	180	spoon	testp1
(#2) 8 (180) 1040	1210	inanimate	distractor	old	fa	1	test	2	180	spoon	testp1
(#2) 8 1040 (180)	1211	inanimate	distractor	old	fa	1	test	2	180	spoon	testp1
(#2) 1040 8 (180)	1212	inanimate	distractor	old	fa	1	test	2	180	spoon	testp1
(#2) 8 (180) (?!(2064|1040))	1203	inanimate	distractor	none	nr	1	test	2	180	spoon	testp1
(#1) 8 (110) 2064	1100	animate	distractor	new	cr	1	test	1	110	brain	testp1
(#1) 8 2064 (110)	1101	animate	distractor	new	cr	1	test	1	110	brain	testp1
(#1) 2064 8 (110)	1102	animate	distractor	new	cr	1	test	1	110	brain	testp1
(#1) 8 (110) 1040	1110	animate	distractor	old	fa	1	test	1	110	brain	testp1
(#1) 8 1040 (110)	1111	animate	distractor	old	fa	1	test	1	110	brain	testp1
(#1) 1040 8 (110)	1112	animate	distractor	old	fa	1	test	1	110	brain	testp1
(#1) 8 (110) (?!(2064|1040))	1103	animate	distractor	none	nr	1	test	1	110	brain	testp1
(#1) 8 (115) 2064	1100	animate	distractor	new	cr	1	test	1	115	camel	testp1
(#1) 8 2064 (115)	1101	animate	distractor	new	cr	1	test	1	115	camel	testp1
(#1) 2064 8 (115)	1102	animate	distractor	new	cr	1	test	1	115	camel	testp1
(#1) 8 (115) 1040	1110	animate	distractor	old	fa	1	test	1	115	camel	testp1
(#1) 8 1040 (115)	1111	animate	distractor	old	fa	1	test	1	115	camel	testp1
(#1) 1040 8 (115)	1112	animate	distractor	old	fa	1	test	1	115	camel	testp1
(#1) 8 (115) (?!(2064|1040))	1103	animate	distractor	none	nr	1	test	1	115	camel	testp1
(#4) 8 (112) 1040	1400	inanimate	studied	old	hit	1	test	4	112	broom	testp1
(#4) 8 1040 (112)	1401	inanimate	studied	old	hit	1	test	4	112	broom	testp1
(#4) 1040 8 (112)	1402	inanimate	studied	old	hit	1	test	4	112	broom	testp1
(#4) 8 (112) 2064	1410	inanimate	studied	new	miss	1	test	4	112	broom	testp1
(#4) 8 2064 (112)	1411	inanimate	studied	new	miss	1	test	4	112	broom	testp1
(#4) 2064 8 (112)	1412	inanimate	studied	new	miss	1	test	4	112	broom	testp1
(#4) 8 (112) (?!(2064|1040))	1403	inanimate	studied	none	nr	1	test	4	112	broom	testp1
(#2) 8 (104) 2064	1200	inanimate	distractor	new	cr	1	test	2	104	balloon	testp1
(#2) 8 2064 (104)	1201	inanimate	distractor	new	cr	1	test	2	104	balloon	testp1
(#2) 2064 8 (104)	1202	inanimate	distractor	new	cr	1	test	2	104	balloon	testp1
(#2) 8 (104) 1040	1210	inanimate	distractor	old	fa	1	test	2	104	balloon	testp1
(#2) 8 1040 (104)	1211	inanimate	distractor	old	fa	1	test	2	104	balloon	testp1
(#2) 1040 8 (104)	1212	inanimate	distractor	old	fa	1	test	2	104	balloon	testp1
(#2) 8 (104) (?!(2064|1040))	1203	inanimate	distractor	none	nr	1	test	2	104	balloon	testp1
(#2) 8 (111) 2064	1200	inanimate	distractor	new	cr	1	test	2	111	briefcas	testp1
(#2) 8 2064 (111)	1201	inanimate	distractor	new	cr	1	test	2	111	briefcas	testp1
(#2) 2064 8 (111)	1202	inanimate	distractor	new	cr	1	test	2	111	briefcas	testp1
(#2) 8 (111) 1040	1210	inanimate	distractor	old	fa	1	test	2	111	briefcas	testp1
(#2) 8 1040 (111)	1211	inanimate	distractor	old	fa	1	test	2	111	briefcas	testp1
(#2) 1040 8 (111)	1212	inanimate	distractor	old	fa	1	test	2	111	briefcas	testp1
(#2) 8 (111) (?!(2064|1040))	1203	inanimate	distractor	none	nr	1	test	2	111	briefcas	testp1
(#2) 8 (120) 2064	1200	inanimate	distractor	new	cr	1	test	2	120	chair	testp1
(#2) 8 2064 (120)	1201	inanimate	distractor	new	cr	1	test	2	120	chair	testp1
(#2) 2064 8 (120)	1202	inanimate	distractor	new	cr	1	test	2	120	chair	testp1
(#2) 8 (120) 1040	1210	inanimate	distractor	old	fa	1	test	2	120	chair	testp1
(#2) 8 1040 (120)	1211	inanimate	distractor	old	fa	1	test	2	120	chair	testp1
(#2) 1040 8 (120)	1212	inanimate	distractor	old	fa	1	test	2	120	chair	testp1
(#2) 8 (120) (?!(2064|1040))	1203	inanimate	distractor	none	nr	1	test	2	120	chair	testp1
(#1) 8 (136) 2064	1100	animate	distractor	new	cr	1	test	1	136	frog	testp1
(#1) 8 2064 (136)	1101	animate	distractor	new	cr	1	test	1	136	frog	testp1
(#1) 2064 8 (136)	1102	animate	distractor	new	cr	1	test	1	136	frog	testp1
(#1) 8 (136) 1040	1110	animate	distractor	old	fa	1	test	1	136	frog	testp1
(#1) 8 1040 (136)	1111	animate	distractor	old	fa	1	test	1	136	frog	testp1
(#1) 1040 8 (136)	1112	animate	distractor	old	fa	1	test	1	136	frog	testp1
(#1) 8 (136) (?!(2064|1040))	1103	animate	distractor	none	nr	1	test	1	136	frog	testp1
(#2) 8 (194) 2064	1200	inanimate	distractor	new	cr	1	test	2	194	vacuum	testp1
(#2) 8 2064 (194)	1201	inanimate	distractor	new	cr	1	test	2	194	vacuum	testp1
(#2) 2064 8 (194)	1202	inanimate	distractor	new	cr	1	test	2	194	vacuum	testp1
(#2) 8 (194) 1040	1210	inanimate	distractor	old	fa	1	test	2	194	vacuum	testp1
(#2) 8 1040 (194)	1211	inanimate	distractor	old	fa	1	test	2	194	vacuum	testp1
(#2) 1040 8 (194)	1212	inanimate	distractor	old	fa	1	test	2	194	vacuum	testp1
(#2) 8 (194) (?!(2064|1040))	1203	inanimate	distractor	none	nr	1	test	2	194	vacuum	testp1
(#2) 8 (137) 2064	1200	inanimate	distractor	new	cr	1	test	2	137	guitar	testp1
(#2) 8 2064 (137)	1201	inanimate	distractor	new	cr	1	test	2	137	guitar	testp1
(#2) 2064 8 (137)	1202	inanimate	distractor	new	cr	1	test	2	137	guitar	testp1
(#2) 8 (137) 1040	1210	inanimate	distractor	old	fa	1	test	2	137	guitar	testp1
(#2) 8 1040 (137)	1211	inanimate	distractor	old	fa	1	test	2	137	guitar	testp1
(#2) 1040 8 (137)	1212	inanimate	distractor	old	fa	1	test	2	137	guitar	testp1
(#2) 8 (137) (?!(2064|1040))	1203	inanimate	distractor	none	nr	1	test	2	137	guitar	testp1
(#2) 8 (128) 2064	1200	inanimate	distractor	new	cr	1	test	2	128	dress	testp1
(#2) 8 2064 (128)	1201	inanimate	distractor	new	cr	1	test	2	128	dress	testp1
(#2) 2064 8 (128)	1202	inanimate	distractor	new	cr	1	test	2	128	dress	testp1
(#2) 8 (128) 1040	1210	inanimate	distractor	old	fa	1	test	2	128	dress	testp1
(#2) 8 1040 (128)	1211	inanimate	distractor	old	fa	1	test	2	128	dress	testp1
(#2) 1040 8 (128)	1212	inanimate	distractor	old	fa	1	test	2	128	dress	testp1
(#2) 8 (128) (?!(2064|1040))	1203	inanimate	distractor	none	nr	1	test	2	128	dress	testp1
(#4) 8 (119) 1040	1400	inanimate	studied	old	hit	1	test	4	119	chainsaw	testp1
(#4) 8 1040 (119)	1401	inanimate	studied	old	hit	1	test	4	119	chainsaw	testp1
(#4) 1040 8 (119)	1402	inanimate	studied	old	hit	1	test	4	119	chainsaw	testp1
(#4) 8 (119) 2064	1410	inanimate	studied	new	miss	1	test	4	119	chainsaw	testp1
(#4) 8 2064 (119)	1411	inanimate	studied	new	miss	1	test	4	119	chainsaw	testp1
(#4) 2064 8 (119)	1412	inanimate	studied	new	miss	1	test	4	119	chainsaw	testp1
(#4) 8 (119) (?!(2064|1040))	1403	inanimate	studied	none	nr	1	test	4	119	chainsaw	testp1
(#2) 8 (123) 2064	1200	inanimate	distractor	new	cr	1	test	2	123	clothspn	testp1
(#2) 8 2064 (123)	1201	inanimate	distractor	new	cr	1	test	2	123	clothspn	testp1
(#2) 2064 8 (123)	1202	inanimate	distractor	new	cr	1	test	2	123	clothspn	testp1
(#2) 8 (123) 1040	1210	inanimate	distractor	old	fa	1	test	2	123	clothspn	testp1
(#2) 8 1040 (123)	1211	inanimate	distractor	old	fa	1	test	2	123	clothspn	testp1
(#2) 1040 8 (123)	1212	inanimate	distractor	old	fa	1	test	2	123	clothspn	testp1
(#2) 8 (123) (?!(2064|1040))	1203	inanimate	distractor	none	nr	1	test	2	123	clothspn	testp1
(#2) 8 (196) 2064	1200	inanimate	distractor	new	cr	1	test	2	196	watercan	testp1
(#2) 8 2064 (196)	1201	inanimate	distractor	new	cr	1	test	2	196	watercan	testp1
(#2) 2064 8 (196)	1202	inanimate	distractor	new	cr	1	test	2	196	watercan	testp1
(#2) 8 (196) 1040	1210	inanimate	distractor	old	fa	1	test	2	196	watercan	testp1
(#2) 8 1040 (196)	1211	inanimate	distractor	old	fa	1	test	2	196	watercan	testp1
(#2) 1040 8 (196)	1212	inanimate	distractor	old	fa	1	test	2	196	watercan	testp1
(#2) 8 (196) (?!(2064|1040))	1203	inanimate	distractor	none	nr	1	test	2	196	watercan	testp1
(#2) 8 (121) 2064	1200	inanimate	distractor	new	cr	1	test	2	121	chisel	testp1
(#2) 8 2064 (121)	1201	inanimate	distractor	new	cr	1	test	2	121	chisel	testp1
(#2) 2064 8 (121)	1202	inanimate	distractor	new	cr	1	test	2	121	chisel	testp1
(#2) 8 (121) 1040	1210	inanimate	distractor	old	fa	1	test	2	121	chisel	testp1
(#2) 8 1040 (121)	1211	inanimate	distractor	old	fa	1	test	2	121	chisel	testp1
(#2) 1040 8 (121)	1212	inanimate	distractor	old	fa	1	test	2	121	chisel	testp1
(#2) 8 (121) (?!(2064|1040))	1203	inanimate	distractor	none	nr	1	test	2	121	chisel	testp1
(#4) 8 (198) 1040	1400	inanimate	studied	old	hit	1	test	4	198	wineglas	testp1
(#4) 8 1040 (198)	1401	inanimate	studied	old	hit	1	test	4	198	wineglas	testp1
(#4) 1040 8 (198)	1402	inanimate	studied	old	hit	1	test	4	198	wineglas	testp1
(#4) 8 (198) 2064	1410	inanimate	studied	new	miss	1	test	4	198	wineglas	testp1
(#4) 8 2064 (198)	1411	inanimate	studied	new	miss	1	test	4	198	wineglas	testp1
(#4) 2064 8 (198)	1412	inanimate	studied	new	miss	1	test	4	198	wineglas	testp1
(#4) 8 (198) (?!(2064|1040))	1403	inanimate	studied	none	nr	1	test	4	198	wineglas	testp1
(#4) 8 (125) 1040	1400	inanimate	studied	old	hit	1	test	4	125	crayon	testp1
(#4) 8 1040 (125)	1401	inanimate	studied	old	hit	1	test	4	125	crayon	testp1
(#4) 1040 8 (125)	1402	inanimate	studied	old	hit	1	test	4	125	crayon	testp1
(#4) 8 (125) 2064	1410	inanimate	studied	new	miss	1	test	4	125	crayon	testp1
(#4) 8 2064 (125)	1411	inanimate	studied	new	miss	1	test	4	125	crayon	testp1
(#4) 2064 8 (125)	1412	inanimate	studied	new	miss	1	test	4	125	crayon	testp1
(#4) 8 (125) (?!(2064|1040))	1403	inanimate	studied	none	nr	1	test	4	125	crayon	testp1
(#3) 8 (175) 1040	1300	animate	studied	old	hit	1	test	3	175	sheep	testp1
(#3) 8 1040 (175)	1301	animate	studied	old	hit	1	test	3	175	sheep	testp1
(#3) 1040 8 (175)	1302	animate	studied	old	hit	1	test	3	175	sheep	testp1
(#3) 8 (175) 2064	1310	animate	studied	new	miss	1	test	3	175	sheep	testp1
(#3) 8 2064 (175)	1311	animate	studied	new	miss	1	test	3	175	sheep	testp1
(#3) 2064 8 (175)	1312	animate	studied	new	miss	1	test	3	175	sheep	testp1
(#3) 8 (175) (?!(2064|1040))	1303	animate	studied	none	nr	1	test	3	175	sheep	testp1
(#4) 8 (184) 1040	1400	inanimate	studied	old	hit	1	test	4	184	stove	testp1
(#4) 8 1040 (184)	1401	inanimate	studied	old	hit	1	test	4	184	stove	testp1
(#4) 1040 8 (184)	1402	inanimate	studied	old	hit	1	test	4	184	stove	testp1
(#4) 8 (184) 2064	1410	inanimate	studied	new	miss	1	test	4	184	stove	testp1
(#4) 8 2064 (184)	1411	inanimate	studied	new	miss	1	test	4	184	stove	testp1
(#4) 2064 8 (184)	1412	inanimate	studied	new	miss	1	test	4	184	stove	testp1
(#4) 8 (184) (?!(2064|1040))	1403	inanimate	studied	none	nr	1	test	4	184	stove	testp1
(#2) 8 (105) 2064	1200	inanimate	distractor	new	cr	1	test	2	105	barn	testp1
(#2) 8 2064 (105)	1201	inanimate	distractor	new	cr	1	test	2	105	barn	testp1
(#2) 2064 8 (105)	1202	inanimate	distractor	new	cr	1	test	2	105	barn	testp1
(#2) 8 (105) 1040	1210	inanimate	distractor	old	fa	1	test	2	105	barn	testp1
(#2) 8 1040 (105)	1211	inanimate	distractor	old	fa	1	test	2	105	barn	testp1
(#2) 1040 8 (105)	1212	inanimate	distractor	old	fa	1	test	2	105	barn	testp1
(#2) 8 (105) (?!(2064|1040))	1203	inanimate	distractor	none	nr	1	test	2	105	barn	testp1
