regexp	study_bin_id	animacy	study_response	ccode	phase	condition_id	item_id	jpg	scn
(#[1234])	0	cal	cal	0	study	0	-1	cal	cal
(#[12])	200	_any	_any	2	study	2	-1	_any	_any
(#[1]) 8 (154) 1040	2100	animate	like	2	study	2	154	necklace	studyp1
(#[1]) 8 1040 (154)	2101	animate	like	2	study	2	154	necklace	studyp1
(#[1]) 1040 8 (154)	2102	animate	like	2	study	2	154	necklace	studyp1
(#[1]) 8 (154) 2064	2110	animate	dislike	2	study	2	154	necklace	studyp1
(#[1]) 8 2064 (154)	2111	animate	dislike	2	study	2	154	necklace	studyp1
(#[1]) 2064 8 (154)	2112	animate	dislike	2	study	2	154	necklace	studyp1
(#[1]) 8 (154) (?!(1040|2064))	2103	animate	no_response	2	study	2	154	necklace	studyp1
(#[2]) 8 (154) 1040	2200	inanimate	like	2	study	2	154	necklace	studyp1
(#[2]) 8 1040 (154)	2201	inanimate	like	2	study	2	154	necklace	studyp1
(#[2]) 1040 8 (154)	2202	inanimate	like	2	study	2	154	necklace	studyp1
(#[2]) 8 (154) 2064	2210	inanimate	dislike	2	study	2	154	necklace	studyp1
(#[2]) 8 2064 (154)	2211	inanimate	dislike	2	study	2	154	necklace	studyp1
(#[2]) 2064 8 (154)	2212	inanimate	dislike	2	study	2	154	necklace	studyp1
(#[2]) 8 (154) (?!(1040|2064))	2203	inanimate	no_response	2	study	2	154	necklace	studyp1
(#[1]) 8 (107) 1040	2100	animate	like	2	study	2	107	bell	studyp1
(#[1]) 8 1040 (107)	2101	animate	like	2	study	2	107	bell	studyp1
(#[1]) 1040 8 (107)	2102	animate	like	2	study	2	107	bell	studyp1
(#[1]) 8 (107) 2064	2110	animate	dislike	2	study	2	107	bell	studyp1
(#[1]) 8 2064 (107)	2111	animate	dislike	2	study	2	107	bell	studyp1
(#[1]) 2064 8 (107)	2112	animate	dislike	2	study	2	107	bell	studyp1
(#[1]) 8 (107) (?!(1040|2064))	2103	animate	no_response	2	study	2	107	bell	studyp1
(#[2]) 8 (107) 1040	2200	inanimate	like	2	study	2	107	bell	studyp1
(#[2]) 8 1040 (107)	2201	inanimate	like	2	study	2	107	bell	studyp1
(#[2]) 1040 8 (107)	2202	inanimate	like	2	study	2	107	bell	studyp1
(#[2]) 8 (107) 2064	2210	inanimate	dislike	2	study	2	107	bell	studyp1
(#[2]) 8 2064 (107)	2211	inanimate	dislike	2	study	2	107	bell	studyp1
(#[2]) 2064 8 (107)	2212	inanimate	dislike	2	study	2	107	bell	studyp1
(#[2]) 8 (107) (?!(1040|2064))	2203	inanimate	no_response	2	study	2	107	bell	studyp1
(#[1]) 8 (146) 1040	2100	animate	like	2	study	1	146	leopard	studyp1
(#[1]) 8 1040 (146)	2101	animate	like	2	study	1	146	leopard	studyp1
(#[1]) 1040 8 (146)	2102	animate	like	2	study	1	146	leopard	studyp1
(#[1]) 8 (146) 2064	2110	animate	dislike	2	study	1	146	leopard	studyp1
(#[1]) 8 2064 (146)	2111	animate	dislike	2	study	1	146	leopard	studyp1
(#[1]) 2064 8 (146)	2112	animate	dislike	2	study	1	146	leopard	studyp1
(#[1]) 8 (146) (?!(1040|2064))	2103	animate	no_response	2	study	1	146	leopard	studyp1
(#[2]) 8 (146) 1040	2200	inanimate	like	2	study	1	146	leopard	studyp1
(#[2]) 8 1040 (146)	2201	inanimate	like	2	study	1	146	leopard	studyp1
(#[2]) 1040 8 (146)	2202	inanimate	like	2	study	1	146	leopard	studyp1
(#[2]) 8 (146) 2064	2210	inanimate	dislike	2	study	1	146	leopard	studyp1
(#[2]) 8 2064 (146)	2211	inanimate	dislike	2	study	1	146	leopard	studyp1
(#[2]) 2064 8 (146)	2212	inanimate	dislike	2	study	1	146	leopard	studyp1
(#[2]) 8 (146) (?!(1040|2064))	2203	inanimate	no_response	2	study	1	146	leopard	studyp1
(#[1]) 8 (157) 1040	2100	animate	like	2	study	1	157	peas	studyp1
(#[1]) 8 1040 (157)	2101	animate	like	2	study	1	157	peas	studyp1
(#[1]) 1040 8 (157)	2102	animate	like	2	study	1	157	peas	studyp1
(#[1]) 8 (157) 2064	2110	animate	dislike	2	study	1	157	peas	studyp1
(#[1]) 8 2064 (157)	2111	animate	dislike	2	study	1	157	peas	studyp1
(#[1]) 2064 8 (157)	2112	animate	dislike	2	study	1	157	peas	studyp1
(#[1]) 8 (157) (?!(1040|2064))	2103	animate	no_response	2	study	1	157	peas	studyp1
(#[2]) 8 (157) 1040	2200	inanimate	like	2	study	1	157	peas	studyp1
(#[2]) 8 1040 (157)	2201	inanimate	like	2	study	1	157	peas	studyp1
(#[2]) 1040 8 (157)	2202	inanimate	like	2	study	1	157	peas	studyp1
(#[2]) 8 (157) 2064	2210	inanimate	dislike	2	study	1	157	peas	studyp1
(#[2]) 8 2064 (157)	2211	inanimate	dislike	2	study	1	157	peas	studyp1
(#[2]) 2064 8 (157)	2212	inanimate	dislike	2	study	1	157	peas	studyp1
(#[2]) 8 (157) (?!(1040|2064))	2203	inanimate	no_response	2	study	1	157	peas	studyp1
(#[1]) 8 (151) 1040	2100	animate	like	2	study	2	151	moon	studyp1
(#[1]) 8 1040 (151)	2101	animate	like	2	study	2	151	moon	studyp1
(#[1]) 1040 8 (151)	2102	animate	like	2	study	2	151	moon	studyp1
(#[1]) 8 (151) 2064	2110	animate	dislike	2	study	2	151	moon	studyp1
(#[1]) 8 2064 (151)	2111	animate	dislike	2	study	2	151	moon	studyp1
(#[1]) 2064 8 (151)	2112	animate	dislike	2	study	2	151	moon	studyp1
(#[1]) 8 (151) (?!(1040|2064))	2103	animate	no_response	2	study	2	151	moon	studyp1
(#[2]) 8 (151) 1040	2200	inanimate	like	2	study	2	151	moon	studyp1
(#[2]) 8 1040 (151)	2201	inanimate	like	2	study	2	151	moon	studyp1
(#[2]) 1040 8 (151)	2202	inanimate	like	2	study	2	151	moon	studyp1
(#[2]) 8 (151) 2064	2210	inanimate	dislike	2	study	2	151	moon	studyp1
(#[2]) 8 2064 (151)	2211	inanimate	dislike	2	study	2	151	moon	studyp1
(#[2]) 2064 8 (151)	2212	inanimate	dislike	2	study	2	151	moon	studyp1
(#[2]) 8 (151) (?!(1040|2064))	2203	inanimate	no_response	2	study	2	151	moon	studyp1
(#[1]) 8 (143) 1040	2100	animate	like	2	study	2	143	jacket	studyp1
(#[1]) 8 1040 (143)	2101	animate	like	2	study	2	143	jacket	studyp1
(#[1]) 1040 8 (143)	2102	animate	like	2	study	2	143	jacket	studyp1
(#[1]) 8 (143) 2064	2110	animate	dislike	2	study	2	143	jacket	studyp1
(#[1]) 8 2064 (143)	2111	animate	dislike	2	study	2	143	jacket	studyp1
(#[1]) 2064 8 (143)	2112	animate	dislike	2	study	2	143	jacket	studyp1
(#[1]) 8 (143) (?!(1040|2064))	2103	animate	no_response	2	study	2	143	jacket	studyp1
(#[2]) 8 (143) 1040	2200	inanimate	like	2	study	2	143	jacket	studyp1
(#[2]) 8 1040 (143)	2201	inanimate	like	2	study	2	143	jacket	studyp1
(#[2]) 1040 8 (143)	2202	inanimate	like	2	study	2	143	jacket	studyp1
(#[2]) 8 (143) 2064	2210	inanimate	dislike	2	study	2	143	jacket	studyp1
(#[2]) 8 2064 (143)	2211	inanimate	dislike	2	study	2	143	jacket	studyp1
(#[2]) 2064 8 (143)	2212	inanimate	dislike	2	study	2	143	jacket	studyp1
(#[2]) 8 (143) (?!(1040|2064))	2203	inanimate	no_response	2	study	2	143	jacket	studyp1
(#[1]) 8 (147) 1040	2100	animate	like	2	study	2	147	lighter	studyp1
(#[1]) 8 1040 (147)	2101	animate	like	2	study	2	147	lighter	studyp1
(#[1]) 1040 8 (147)	2102	animate	like	2	study	2	147	lighter	studyp1
(#[1]) 8 (147) 2064	2110	animate	dislike	2	study	2	147	lighter	studyp1
(#[1]) 8 2064 (147)	2111	animate	dislike	2	study	2	147	lighter	studyp1
(#[1]) 2064 8 (147)	2112	animate	dislike	2	study	2	147	lighter	studyp1
(#[1]) 8 (147) (?!(1040|2064))	2103	animate	no_response	2	study	2	147	lighter	studyp1
(#[2]) 8 (147) 1040	2200	inanimate	like	2	study	2	147	lighter	studyp1
(#[2]) 8 1040 (147)	2201	inanimate	like	2	study	2	147	lighter	studyp1
(#[2]) 1040 8 (147)	2202	inanimate	like	2	study	2	147	lighter	studyp1
(#[2]) 8 (147) 2064	2210	inanimate	dislike	2	study	2	147	lighter	studyp1
(#[2]) 8 2064 (147)	2211	inanimate	dislike	2	study	2	147	lighter	studyp1
(#[2]) 2064 8 (147)	2212	inanimate	dislike	2	study	2	147	lighter	studyp1
(#[2]) 8 (147) (?!(1040|2064))	2203	inanimate	no_response	2	study	2	147	lighter	studyp1
(#[1]) 8 (141) 1040	2100	animate	like	2	study	2	141	htarblon	studyp1
(#[1]) 8 1040 (141)	2101	animate	like	2	study	2	141	htarblon	studyp1
(#[1]) 1040 8 (141)	2102	animate	like	2	study	2	141	htarblon	studyp1
(#[1]) 8 (141) 2064	2110	animate	dislike	2	study	2	141	htarblon	studyp1
(#[1]) 8 2064 (141)	2111	animate	dislike	2	study	2	141	htarblon	studyp1
(#[1]) 2064 8 (141)	2112	animate	dislike	2	study	2	141	htarblon	studyp1
(#[1]) 8 (141) (?!(1040|2064))	2103	animate	no_response	2	study	2	141	htarblon	studyp1
(#[2]) 8 (141) 1040	2200	inanimate	like	2	study	2	141	htarblon	studyp1
(#[2]) 8 1040 (141)	2201	inanimate	like	2	study	2	141	htarblon	studyp1
(#[2]) 1040 8 (141)	2202	inanimate	like	2	study	2	141	htarblon	studyp1
(#[2]) 8 (141) 2064	2210	inanimate	dislike	2	study	2	141	htarblon	studyp1
(#[2]) 8 2064 (141)	2211	inanimate	dislike	2	study	2	141	htarblon	studyp1
(#[2]) 2064 8 (141)	2212	inanimate	dislike	2	study	2	141	htarblon	studyp1
(#[2]) 8 (141) (?!(1040|2064))	2203	inanimate	no_response	2	study	2	141	htarblon	studyp1
(#[1]) 8 (149) 1040	2100	animate	like	2	study	2	149	lock	studyp1
(#[1]) 8 1040 (149)	2101	animate	like	2	study	2	149	lock	studyp1
(#[1]) 1040 8 (149)	2102	animate	like	2	study	2	149	lock	studyp1
(#[1]) 8 (149) 2064	2110	animate	dislike	2	study	2	149	lock	studyp1
(#[1]) 8 2064 (149)	2111	animate	dislike	2	study	2	149	lock	studyp1
(#[1]) 2064 8 (149)	2112	animate	dislike	2	study	2	149	lock	studyp1
(#[1]) 8 (149) (?!(1040|2064))	2103	animate	no_response	2	study	2	149	lock	studyp1
(#[2]) 8 (149) 1040	2200	inanimate	like	2	study	2	149	lock	studyp1
(#[2]) 8 1040 (149)	2201	inanimate	like	2	study	2	149	lock	studyp1
(#[2]) 1040 8 (149)	2202	inanimate	like	2	study	2	149	lock	studyp1
(#[2]) 8 (149) 2064	2210	inanimate	dislike	2	study	2	149	lock	studyp1
(#[2]) 8 2064 (149)	2211	inanimate	dislike	2	study	2	149	lock	studyp1
(#[2]) 2064 8 (149)	2212	inanimate	dislike	2	study	2	149	lock	studyp1
(#[2]) 8 (149) (?!(1040|2064))	2203	inanimate	no_response	2	study	2	149	lock	studyp1
(#[1]) 8 (140) 1040	2100	animate	like	2	study	1	140	horse	studyp1
(#[1]) 8 1040 (140)	2101	animate	like	2	study	1	140	horse	studyp1
(#[1]) 1040 8 (140)	2102	animate	like	2	study	1	140	horse	studyp1
(#[1]) 8 (140) 2064	2110	animate	dislike	2	study	1	140	horse	studyp1
(#[1]) 8 2064 (140)	2111	animate	dislike	2	study	1	140	horse	studyp1
(#[1]) 2064 8 (140)	2112	animate	dislike	2	study	1	140	horse	studyp1
(#[1]) 8 (140) (?!(1040|2064))	2103	animate	no_response	2	study	1	140	horse	studyp1
(#[2]) 8 (140) 1040	2200	inanimate	like	2	study	1	140	horse	studyp1
(#[2]) 8 1040 (140)	2201	inanimate	like	2	study	1	140	horse	studyp1
(#[2]) 1040 8 (140)	2202	inanimate	like	2	study	1	140	horse	studyp1
(#[2]) 8 (140) 2064	2210	inanimate	dislike	2	study	1	140	horse	studyp1
(#[2]) 8 2064 (140)	2211	inanimate	dislike	2	study	1	140	horse	studyp1
(#[2]) 2064 8 (140)	2212	inanimate	dislike	2	study	1	140	horse	studyp1
(#[2]) 8 (140) (?!(1040|2064))	2203	inanimate	no_response	2	study	1	140	horse	studyp1
(#[1]) 8 (166) 1040	2100	animate	like	2	study	1	166	pumpkin	studyp1
(#[1]) 8 1040 (166)	2101	animate	like	2	study	1	166	pumpkin	studyp1
(#[1]) 1040 8 (166)	2102	animate	like	2	study	1	166	pumpkin	studyp1
(#[1]) 8 (166) 2064	2110	animate	dislike	2	study	1	166	pumpkin	studyp1
(#[1]) 8 2064 (166)	2111	animate	dislike	2	study	1	166	pumpkin	studyp1
(#[1]) 2064 8 (166)	2112	animate	dislike	2	study	1	166	pumpkin	studyp1
(#[1]) 8 (166) (?!(1040|2064))	2103	animate	no_response	2	study	1	166	pumpkin	studyp1
(#[2]) 8 (166) 1040	2200	inanimate	like	2	study	1	166	pumpkin	studyp1
(#[2]) 8 1040 (166)	2201	inanimate	like	2	study	1	166	pumpkin	studyp1
(#[2]) 1040 8 (166)	2202	inanimate	like	2	study	1	166	pumpkin	studyp1
(#[2]) 8 (166) 2064	2210	inanimate	dislike	2	study	1	166	pumpkin	studyp1
(#[2]) 8 2064 (166)	2211	inanimate	dislike	2	study	1	166	pumpkin	studyp1
(#[2]) 2064 8 (166)	2212	inanimate	dislike	2	study	1	166	pumpkin	studyp1
(#[2]) 8 (166) (?!(1040|2064))	2203	inanimate	no_response	2	study	1	166	pumpkin	studyp1
(#[1]) 8 (153) 1040	2100	animate	like	2	study	1	153	mushroom	studyp1
(#[1]) 8 1040 (153)	2101	animate	like	2	study	1	153	mushroom	studyp1
(#[1]) 1040 8 (153)	2102	animate	like	2	study	1	153	mushroom	studyp1
(#[1]) 8 (153) 2064	2110	animate	dislike	2	study	1	153	mushroom	studyp1
(#[1]) 8 2064 (153)	2111	animate	dislike	2	study	1	153	mushroom	studyp1
(#[1]) 2064 8 (153)	2112	animate	dislike	2	study	1	153	mushroom	studyp1
(#[1]) 8 (153) (?!(1040|2064))	2103	animate	no_response	2	study	1	153	mushroom	studyp1
(#[2]) 8 (153) 1040	2200	inanimate	like	2	study	1	153	mushroom	studyp1
(#[2]) 8 1040 (153)	2201	inanimate	like	2	study	1	153	mushroom	studyp1
(#[2]) 1040 8 (153)	2202	inanimate	like	2	study	1	153	mushroom	studyp1
(#[2]) 8 (153) 2064	2210	inanimate	dislike	2	study	1	153	mushroom	studyp1
(#[2]) 8 2064 (153)	2211	inanimate	dislike	2	study	1	153	mushroom	studyp1
(#[2]) 2064 8 (153)	2212	inanimate	dislike	2	study	1	153	mushroom	studyp1
(#[2]) 8 (153) (?!(1040|2064))	2203	inanimate	no_response	2	study	1	153	mushroom	studyp1
(#[1]) 8 (134) 1040	2100	animate	like	2	study	2	134	flute	studyp1
(#[1]) 8 1040 (134)	2101	animate	like	2	study	2	134	flute	studyp1
(#[1]) 1040 8 (134)	2102	animate	like	2	study	2	134	flute	studyp1
(#[1]) 8 (134) 2064	2110	animate	dislike	2	study	2	134	flute	studyp1
(#[1]) 8 2064 (134)	2111	animate	dislike	2	study	2	134	flute	studyp1
(#[1]) 2064 8 (134)	2112	animate	dislike	2	study	2	134	flute	studyp1
(#[1]) 8 (134) (?!(1040|2064))	2103	animate	no_response	2	study	2	134	flute	studyp1
(#[2]) 8 (134) 1040	2200	inanimate	like	2	study	2	134	flute	studyp1
(#[2]) 8 1040 (134)	2201	inanimate	like	2	study	2	134	flute	studyp1
(#[2]) 1040 8 (134)	2202	inanimate	like	2	study	2	134	flute	studyp1
(#[2]) 8 (134) 2064	2210	inanimate	dislike	2	study	2	134	flute	studyp1
(#[2]) 8 2064 (134)	2211	inanimate	dislike	2	study	2	134	flute	studyp1
(#[2]) 2064 8 (134)	2212	inanimate	dislike	2	study	2	134	flute	studyp1
(#[2]) 8 (134) (?!(1040|2064))	2203	inanimate	no_response	2	study	2	134	flute	studyp1
(#[1]) 8 (163) 1040	2100	animate	like	2	study	2	163	pitchfrk	studyp1
(#[1]) 8 1040 (163)	2101	animate	like	2	study	2	163	pitchfrk	studyp1
(#[1]) 1040 8 (163)	2102	animate	like	2	study	2	163	pitchfrk	studyp1
(#[1]) 8 (163) 2064	2110	animate	dislike	2	study	2	163	pitchfrk	studyp1
(#[1]) 8 2064 (163)	2111	animate	dislike	2	study	2	163	pitchfrk	studyp1
(#[1]) 2064 8 (163)	2112	animate	dislike	2	study	2	163	pitchfrk	studyp1
(#[1]) 8 (163) (?!(1040|2064))	2103	animate	no_response	2	study	2	163	pitchfrk	studyp1
(#[2]) 8 (163) 1040	2200	inanimate	like	2	study	2	163	pitchfrk	studyp1
(#[2]) 8 1040 (163)	2201	inanimate	like	2	study	2	163	pitchfrk	studyp1
(#[2]) 1040 8 (163)	2202	inanimate	like	2	study	2	163	pitchfrk	studyp1
(#[2]) 8 (163) 2064	2210	inanimate	dislike	2	study	2	163	pitchfrk	studyp1
(#[2]) 8 2064 (163)	2211	inanimate	dislike	2	study	2	163	pitchfrk	studyp1
(#[2]) 2064 8 (163)	2212	inanimate	dislike	2	study	2	163	pitchfrk	studyp1
(#[2]) 8 (163) (?!(1040|2064))	2203	inanimate	no_response	2	study	2	163	pitchfrk	studyp1
(#[1]) 8 (133) 1040	2100	animate	like	2	study	1	133	flamingo	studyp1
(#[1]) 8 1040 (133)	2101	animate	like	2	study	1	133	flamingo	studyp1
(#[1]) 1040 8 (133)	2102	animate	like	2	study	1	133	flamingo	studyp1
(#[1]) 8 (133) 2064	2110	animate	dislike	2	study	1	133	flamingo	studyp1
(#[1]) 8 2064 (133)	2111	animate	dislike	2	study	1	133	flamingo	studyp1
(#[1]) 2064 8 (133)	2112	animate	dislike	2	study	1	133	flamingo	studyp1
(#[1]) 8 (133) (?!(1040|2064))	2103	animate	no_response	2	study	1	133	flamingo	studyp1
(#[2]) 8 (133) 1040	2200	inanimate	like	2	study	1	133	flamingo	studyp1
(#[2]) 8 1040 (133)	2201	inanimate	like	2	study	1	133	flamingo	studyp1
(#[2]) 1040 8 (133)	2202	inanimate	like	2	study	1	133	flamingo	studyp1
(#[2]) 8 (133) 2064	2210	inanimate	dislike	2	study	1	133	flamingo	studyp1
(#[2]) 8 2064 (133)	2211	inanimate	dislike	2	study	1	133	flamingo	studyp1
(#[2]) 2064 8 (133)	2212	inanimate	dislike	2	study	1	133	flamingo	studyp1
(#[2]) 8 (133) (?!(1040|2064))	2203	inanimate	no_response	2	study	1	133	flamingo	studyp1
(#[1]) 8 (129) 1040	2100	animate	like	2	study	2	129	dresser	studyp1
(#[1]) 8 1040 (129)	2101	animate	like	2	study	2	129	dresser	studyp1
(#[1]) 1040 8 (129)	2102	animate	like	2	study	2	129	dresser	studyp1
(#[1]) 8 (129) 2064	2110	animate	dislike	2	study	2	129	dresser	studyp1
(#[1]) 8 2064 (129)	2111	animate	dislike	2	study	2	129	dresser	studyp1
(#[1]) 2064 8 (129)	2112	animate	dislike	2	study	2	129	dresser	studyp1
(#[1]) 8 (129) (?!(1040|2064))	2103	animate	no_response	2	study	2	129	dresser	studyp1
(#[2]) 8 (129) 1040	2200	inanimate	like	2	study	2	129	dresser	studyp1
(#[2]) 8 1040 (129)	2201	inanimate	like	2	study	2	129	dresser	studyp1
(#[2]) 1040 8 (129)	2202	inanimate	like	2	study	2	129	dresser	studyp1
(#[2]) 8 (129) 2064	2210	inanimate	dislike	2	study	2	129	dresser	studyp1
(#[2]) 8 2064 (129)	2211	inanimate	dislike	2	study	2	129	dresser	studyp1
(#[2]) 2064 8 (129)	2212	inanimate	dislike	2	study	2	129	dresser	studyp1
(#[2]) 8 (129) (?!(1040|2064))	2203	inanimate	no_response	2	study	2	129	dresser	studyp1
(#[1]) 8 (175) 1040	2100	animate	like	2	study	1	175	sheep	studyp1
(#[1]) 8 1040 (175)	2101	animate	like	2	study	1	175	sheep	studyp1
(#[1]) 1040 8 (175)	2102	animate	like	2	study	1	175	sheep	studyp1
(#[1]) 8 (175) 2064	2110	animate	dislike	2	study	1	175	sheep	studyp1
(#[1]) 8 2064 (175)	2111	animate	dislike	2	study	1	175	sheep	studyp1
(#[1]) 2064 8 (175)	2112	animate	dislike	2	study	1	175	sheep	studyp1
(#[1]) 8 (175) (?!(1040|2064))	2103	animate	no_response	2	study	1	175	sheep	studyp1
(#[2]) 8 (175) 1040	2200	inanimate	like	2	study	1	175	sheep	studyp1
(#[2]) 8 1040 (175)	2201	inanimate	like	2	study	1	175	sheep	studyp1
(#[2]) 1040 8 (175)	2202	inanimate	like	2	study	1	175	sheep	studyp1
(#[2]) 8 (175) 2064	2210	inanimate	dislike	2	study	1	175	sheep	studyp1
(#[2]) 8 2064 (175)	2211	inanimate	dislike	2	study	1	175	sheep	studyp1
(#[2]) 2064 8 (175)	2212	inanimate	dislike	2	study	1	175	sheep	studyp1
(#[2]) 8 (175) (?!(1040|2064))	2203	inanimate	no_response	2	study	1	175	sheep	studyp1
(#[1]) 8 (117) 1040	2100	animate	like	2	study	2	117	car	studyp1
(#[1]) 8 1040 (117)	2101	animate	like	2	study	2	117	car	studyp1
(#[1]) 1040 8 (117)	2102	animate	like	2	study	2	117	car	studyp1
(#[1]) 8 (117) 2064	2110	animate	dislike	2	study	2	117	car	studyp1
(#[1]) 8 2064 (117)	2111	animate	dislike	2	study	2	117	car	studyp1
(#[1]) 2064 8 (117)	2112	animate	dislike	2	study	2	117	car	studyp1
(#[1]) 8 (117) (?!(1040|2064))	2103	animate	no_response	2	study	2	117	car	studyp1
(#[2]) 8 (117) 1040	2200	inanimate	like	2	study	2	117	car	studyp1
(#[2]) 8 1040 (117)	2201	inanimate	like	2	study	2	117	car	studyp1
(#[2]) 1040 8 (117)	2202	inanimate	like	2	study	2	117	car	studyp1
(#[2]) 8 (117) 2064	2210	inanimate	dislike	2	study	2	117	car	studyp1
(#[2]) 8 2064 (117)	2211	inanimate	dislike	2	study	2	117	car	studyp1
(#[2]) 2064 8 (117)	2212	inanimate	dislike	2	study	2	117	car	studyp1
(#[2]) 8 (117) (?!(1040|2064))	2203	inanimate	no_response	2	study	2	117	car	studyp1
(#[1]) 8 (173) 1040	2100	animate	like	2	study	2	173	scrwdriv	studyp1
(#[1]) 8 1040 (173)	2101	animate	like	2	study	2	173	scrwdriv	studyp1
(#[1]) 1040 8 (173)	2102	animate	like	2	study	2	173	scrwdriv	studyp1
(#[1]) 8 (173) 2064	2110	animate	dislike	2	study	2	173	scrwdriv	studyp1
(#[1]) 8 2064 (173)	2111	animate	dislike	2	study	2	173	scrwdriv	studyp1
(#[1]) 2064 8 (173)	2112	animate	dislike	2	study	2	173	scrwdriv	studyp1
(#[1]) 8 (173) (?!(1040|2064))	2103	animate	no_response	2	study	2	173	scrwdriv	studyp1
(#[2]) 8 (173) 1040	2200	inanimate	like	2	study	2	173	scrwdriv	studyp1
(#[2]) 8 1040 (173)	2201	inanimate	like	2	study	2	173	scrwdriv	studyp1
(#[2]) 1040 8 (173)	2202	inanimate	like	2	study	2	173	scrwdriv	studyp1
(#[2]) 8 (173) 2064	2210	inanimate	dislike	2	study	2	173	scrwdriv	studyp1
(#[2]) 8 2064 (173)	2211	inanimate	dislike	2	study	2	173	scrwdriv	studyp1
(#[2]) 2064 8 (173)	2212	inanimate	dislike	2	study	2	173	scrwdriv	studyp1
(#[2]) 8 (173) (?!(1040|2064))	2203	inanimate	no_response	2	study	2	173	scrwdriv	studyp1
(#[1]) 8 (160) 1040	2100	animate	like	2	study	1	160	penguin	studyp1
(#[1]) 8 1040 (160)	2101	animate	like	2	study	1	160	penguin	studyp1
(#[1]) 1040 8 (160)	2102	animate	like	2	study	1	160	penguin	studyp1
(#[1]) 8 (160) 2064	2110	animate	dislike	2	study	1	160	penguin	studyp1
(#[1]) 8 2064 (160)	2111	animate	dislike	2	study	1	160	penguin	studyp1
(#[1]) 2064 8 (160)	2112	animate	dislike	2	study	1	160	penguin	studyp1
(#[1]) 8 (160) (?!(1040|2064))	2103	animate	no_response	2	study	1	160	penguin	studyp1
(#[2]) 8 (160) 1040	2200	inanimate	like	2	study	1	160	penguin	studyp1
(#[2]) 8 1040 (160)	2201	inanimate	like	2	study	1	160	penguin	studyp1
(#[2]) 1040 8 (160)	2202	inanimate	like	2	study	1	160	penguin	studyp1
(#[2]) 8 (160) 2064	2210	inanimate	dislike	2	study	1	160	penguin	studyp1
(#[2]) 8 2064 (160)	2211	inanimate	dislike	2	study	1	160	penguin	studyp1
(#[2]) 2064 8 (160)	2212	inanimate	dislike	2	study	1	160	penguin	studyp1
(#[2]) 8 (160) (?!(1040|2064))	2203	inanimate	no_response	2	study	1	160	penguin	studyp1
(#[1]) 8 (198) 1040	2100	animate	like	2	study	2	198	wineglas	studyp1
(#[1]) 8 1040 (198)	2101	animate	like	2	study	2	198	wineglas	studyp1
(#[1]) 1040 8 (198)	2102	animate	like	2	study	2	198	wineglas	studyp1
(#[1]) 8 (198) 2064	2110	animate	dislike	2	study	2	198	wineglas	studyp1
(#[1]) 8 2064 (198)	2111	animate	dislike	2	study	2	198	wineglas	studyp1
(#[1]) 2064 8 (198)	2112	animate	dislike	2	study	2	198	wineglas	studyp1
(#[1]) 8 (198) (?!(1040|2064))	2103	animate	no_response	2	study	2	198	wineglas	studyp1
(#[2]) 8 (198) 1040	2200	inanimate	like	2	study	2	198	wineglas	studyp1
(#[2]) 8 1040 (198)	2201	inanimate	like	2	study	2	198	wineglas	studyp1
(#[2]) 1040 8 (198)	2202	inanimate	like	2	study	2	198	wineglas	studyp1
(#[2]) 8 (198) 2064	2210	inanimate	dislike	2	study	2	198	wineglas	studyp1
(#[2]) 8 2064 (198)	2211	inanimate	dislike	2	study	2	198	wineglas	studyp1
(#[2]) 2064 8 (198)	2212	inanimate	dislike	2	study	2	198	wineglas	studyp1
(#[2]) 8 (198) (?!(1040|2064))	2203	inanimate	no_response	2	study	2	198	wineglas	studyp1
(#[1]) 8 (172) 1040	2100	animate	like	2	study	2	172	scissors	studyp1
(#[1]) 8 1040 (172)	2101	animate	like	2	study	2	172	scissors	studyp1
(#[1]) 1040 8 (172)	2102	animate	like	2	study	2	172	scissors	studyp1
(#[1]) 8 (172) 2064	2110	animate	dislike	2	study	2	172	scissors	studyp1
(#[1]) 8 2064 (172)	2111	animate	dislike	2	study	2	172	scissors	studyp1
(#[1]) 2064 8 (172)	2112	animate	dislike	2	study	2	172	scissors	studyp1
(#[1]) 8 (172) (?!(1040|2064))	2103	animate	no_response	2	study	2	172	scissors	studyp1
(#[2]) 8 (172) 1040	2200	inanimate	like	2	study	2	172	scissors	studyp1
(#[2]) 8 1040 (172)	2201	inanimate	like	2	study	2	172	scissors	studyp1
(#[2]) 1040 8 (172)	2202	inanimate	like	2	study	2	172	scissors	studyp1
(#[2]) 8 (172) 2064	2210	inanimate	dislike	2	study	2	172	scissors	studyp1
(#[2]) 8 2064 (172)	2211	inanimate	dislike	2	study	2	172	scissors	studyp1
(#[2]) 2064 8 (172)	2212	inanimate	dislike	2	study	2	172	scissors	studyp1
(#[2]) 8 (172) (?!(1040|2064))	2203	inanimate	no_response	2	study	2	172	scissors	studyp1
(#[1]) 8 (138) 1040	2100	animate	like	2	study	2	138	hanger	studyp1
(#[1]) 8 1040 (138)	2101	animate	like	2	study	2	138	hanger	studyp1
(#[1]) 1040 8 (138)	2102	animate	like	2	study	2	138	hanger	studyp1
(#[1]) 8 (138) 2064	2110	animate	dislike	2	study	2	138	hanger	studyp1
(#[1]) 8 2064 (138)	2111	animate	dislike	2	study	2	138	hanger	studyp1
(#[1]) 2064 8 (138)	2112	animate	dislike	2	study	2	138	hanger	studyp1
(#[1]) 8 (138) (?!(1040|2064))	2103	animate	no_response	2	study	2	138	hanger	studyp1
(#[2]) 8 (138) 1040	2200	inanimate	like	2	study	2	138	hanger	studyp1
(#[2]) 8 1040 (138)	2201	inanimate	like	2	study	2	138	hanger	studyp1
(#[2]) 1040 8 (138)	2202	inanimate	like	2	study	2	138	hanger	studyp1
(#[2]) 8 (138) 2064	2210	inanimate	dislike	2	study	2	138	hanger	studyp1
(#[2]) 8 2064 (138)	2211	inanimate	dislike	2	study	2	138	hanger	studyp1
(#[2]) 2064 8 (138)	2212	inanimate	dislike	2	study	2	138	hanger	studyp1
(#[2]) 8 (138) (?!(1040|2064))	2203	inanimate	no_response	2	study	2	138	hanger	studyp1
(#[1]) 8 (179) 1040	2100	animate	like	2	study	1	179	spider	studyp1
(#[1]) 8 1040 (179)	2101	animate	like	2	study	1	179	spider	studyp1
(#[1]) 1040 8 (179)	2102	animate	like	2	study	1	179	spider	studyp1
(#[1]) 8 (179) 2064	2110	animate	dislike	2	study	1	179	spider	studyp1
(#[1]) 8 2064 (179)	2111	animate	dislike	2	study	1	179	spider	studyp1
(#[1]) 2064 8 (179)	2112	animate	dislike	2	study	1	179	spider	studyp1
(#[1]) 8 (179) (?!(1040|2064))	2103	animate	no_response	2	study	1	179	spider	studyp1
(#[2]) 8 (179) 1040	2200	inanimate	like	2	study	1	179	spider	studyp1
(#[2]) 8 1040 (179)	2201	inanimate	like	2	study	1	179	spider	studyp1
(#[2]) 1040 8 (179)	2202	inanimate	like	2	study	1	179	spider	studyp1
(#[2]) 8 (179) 2064	2210	inanimate	dislike	2	study	1	179	spider	studyp1
(#[2]) 8 2064 (179)	2211	inanimate	dislike	2	study	1	179	spider	studyp1
(#[2]) 2064 8 (179)	2212	inanimate	dislike	2	study	1	179	spider	studyp1
(#[2]) 8 (179) (?!(1040|2064))	2203	inanimate	no_response	2	study	1	179	spider	studyp1
(#[1]) 8 (125) 1040	2100	animate	like	2	study	2	125	crayon	studyp1
(#[1]) 8 1040 (125)	2101	animate	like	2	study	2	125	crayon	studyp1
(#[1]) 1040 8 (125)	2102	animate	like	2	study	2	125	crayon	studyp1
(#[1]) 8 (125) 2064	2110	animate	dislike	2	study	2	125	crayon	studyp1
(#[1]) 8 2064 (125)	2111	animate	dislike	2	study	2	125	crayon	studyp1
(#[1]) 2064 8 (125)	2112	animate	dislike	2	study	2	125	crayon	studyp1
(#[1]) 8 (125) (?!(1040|2064))	2103	animate	no_response	2	study	2	125	crayon	studyp1
(#[2]) 8 (125) 1040	2200	inanimate	like	2	study	2	125	crayon	studyp1
(#[2]) 8 1040 (125)	2201	inanimate	like	2	study	2	125	crayon	studyp1
(#[2]) 1040 8 (125)	2202	inanimate	like	2	study	2	125	crayon	studyp1
(#[2]) 8 (125) 2064	2210	inanimate	dislike	2	study	2	125	crayon	studyp1
(#[2]) 8 2064 (125)	2211	inanimate	dislike	2	study	2	125	crayon	studyp1
(#[2]) 2064 8 (125)	2212	inanimate	dislike	2	study	2	125	crayon	studyp1
(#[2]) 8 (125) (?!(1040|2064))	2203	inanimate	no_response	2	study	2	125	crayon	studyp1
(#[1]) 8 (174) 1040	2100	animate	like	2	study	1	174	seashell	studyp1
(#[1]) 8 1040 (174)	2101	animate	like	2	study	1	174	seashell	studyp1
(#[1]) 1040 8 (174)	2102	animate	like	2	study	1	174	seashell	studyp1
(#[1]) 8 (174) 2064	2110	animate	dislike	2	study	1	174	seashell	studyp1
(#[1]) 8 2064 (174)	2111	animate	dislike	2	study	1	174	seashell	studyp1
(#[1]) 2064 8 (174)	2112	animate	dislike	2	study	1	174	seashell	studyp1
(#[1]) 8 (174) (?!(1040|2064))	2103	animate	no_response	2	study	1	174	seashell	studyp1
(#[2]) 8 (174) 1040	2200	inanimate	like	2	study	1	174	seashell	studyp1
(#[2]) 8 1040 (174)	2201	inanimate	like	2	study	1	174	seashell	studyp1
(#[2]) 1040 8 (174)	2202	inanimate	like	2	study	1	174	seashell	studyp1
(#[2]) 8 (174) 2064	2210	inanimate	dislike	2	study	1	174	seashell	studyp1
(#[2]) 8 2064 (174)	2211	inanimate	dislike	2	study	1	174	seashell	studyp1
(#[2]) 2064 8 (174)	2212	inanimate	dislike	2	study	1	174	seashell	studyp1
(#[2]) 8 (174) (?!(1040|2064))	2203	inanimate	no_response	2	study	1	174	seashell	studyp1
(#[1]) 8 (124) 1040	2100	animate	like	2	study	2	124	comb	studyp1
(#[1]) 8 1040 (124)	2101	animate	like	2	study	2	124	comb	studyp1
(#[1]) 1040 8 (124)	2102	animate	like	2	study	2	124	comb	studyp1
(#[1]) 8 (124) 2064	2110	animate	dislike	2	study	2	124	comb	studyp1
(#[1]) 8 2064 (124)	2111	animate	dislike	2	study	2	124	comb	studyp1
(#[1]) 2064 8 (124)	2112	animate	dislike	2	study	2	124	comb	studyp1
(#[1]) 8 (124) (?!(1040|2064))	2103	animate	no_response	2	study	2	124	comb	studyp1
(#[2]) 8 (124) 1040	2200	inanimate	like	2	study	2	124	comb	studyp1
(#[2]) 8 1040 (124)	2201	inanimate	like	2	study	2	124	comb	studyp1
(#[2]) 1040 8 (124)	2202	inanimate	like	2	study	2	124	comb	studyp1
(#[2]) 8 (124) 2064	2210	inanimate	dislike	2	study	2	124	comb	studyp1
(#[2]) 8 2064 (124)	2211	inanimate	dislike	2	study	2	124	comb	studyp1
(#[2]) 2064 8 (124)	2212	inanimate	dislike	2	study	2	124	comb	studyp1
(#[2]) 8 (124) (?!(1040|2064))	2203	inanimate	no_response	2	study	2	124	comb	studyp1
(#[1]) 8 (126) 1040	2100	animate	like	2	study	1	126	deer	studyp1
(#[1]) 8 1040 (126)	2101	animate	like	2	study	1	126	deer	studyp1
(#[1]) 1040 8 (126)	2102	animate	like	2	study	1	126	deer	studyp1
(#[1]) 8 (126) 2064	2110	animate	dislike	2	study	1	126	deer	studyp1
(#[1]) 8 2064 (126)	2111	animate	dislike	2	study	1	126	deer	studyp1
(#[1]) 2064 8 (126)	2112	animate	dislike	2	study	1	126	deer	studyp1
(#[1]) 8 (126) (?!(1040|2064))	2103	animate	no_response	2	study	1	126	deer	studyp1
(#[2]) 8 (126) 1040	2200	inanimate	like	2	study	1	126	deer	studyp1
(#[2]) 8 1040 (126)	2201	inanimate	like	2	study	1	126	deer	studyp1
(#[2]) 1040 8 (126)	2202	inanimate	like	2	study	1	126	deer	studyp1
(#[2]) 8 (126) 2064	2210	inanimate	dislike	2	study	1	126	deer	studyp1
(#[2]) 8 2064 (126)	2211	inanimate	dislike	2	study	1	126	deer	studyp1
(#[2]) 2064 8 (126)	2212	inanimate	dislike	2	study	1	126	deer	studyp1
(#[2]) 8 (126) (?!(1040|2064))	2203	inanimate	no_response	2	study	1	126	deer	studyp1
(#[1]) 8 (122) 1040	2100	animate	like	2	study	2	122	church	studyp1
(#[1]) 8 1040 (122)	2101	animate	like	2	study	2	122	church	studyp1
(#[1]) 1040 8 (122)	2102	animate	like	2	study	2	122	church	studyp1
(#[1]) 8 (122) 2064	2110	animate	dislike	2	study	2	122	church	studyp1
(#[1]) 8 2064 (122)	2111	animate	dislike	2	study	2	122	church	studyp1
(#[1]) 2064 8 (122)	2112	animate	dislike	2	study	2	122	church	studyp1
(#[1]) 8 (122) (?!(1040|2064))	2103	animate	no_response	2	study	2	122	church	studyp1
(#[2]) 8 (122) 1040	2200	inanimate	like	2	study	2	122	church	studyp1
(#[2]) 8 1040 (122)	2201	inanimate	like	2	study	2	122	church	studyp1
(#[2]) 1040 8 (122)	2202	inanimate	like	2	study	2	122	church	studyp1
(#[2]) 8 (122) 2064	2210	inanimate	dislike	2	study	2	122	church	studyp1
(#[2]) 8 2064 (122)	2211	inanimate	dislike	2	study	2	122	church	studyp1
(#[2]) 2064 8 (122)	2212	inanimate	dislike	2	study	2	122	church	studyp1
(#[2]) 8 (122) (?!(1040|2064))	2203	inanimate	no_response	2	study	2	122	church	studyp1
(#[1]) 8 (186) 1040	2100	animate	like	2	study	1	186	swan	studyp1
(#[1]) 8 1040 (186)	2101	animate	like	2	study	1	186	swan	studyp1
(#[1]) 1040 8 (186)	2102	animate	like	2	study	1	186	swan	studyp1
(#[1]) 8 (186) 2064	2110	animate	dislike	2	study	1	186	swan	studyp1
(#[1]) 8 2064 (186)	2111	animate	dislike	2	study	1	186	swan	studyp1
(#[1]) 2064 8 (186)	2112	animate	dislike	2	study	1	186	swan	studyp1
(#[1]) 8 (186) (?!(1040|2064))	2103	animate	no_response	2	study	1	186	swan	studyp1
(#[2]) 8 (186) 1040	2200	inanimate	like	2	study	1	186	swan	studyp1
(#[2]) 8 1040 (186)	2201	inanimate	like	2	study	1	186	swan	studyp1
(#[2]) 1040 8 (186)	2202	inanimate	like	2	study	1	186	swan	studyp1
(#[2]) 8 (186) 2064	2210	inanimate	dislike	2	study	1	186	swan	studyp1
(#[2]) 8 2064 (186)	2211	inanimate	dislike	2	study	1	186	swan	studyp1
(#[2]) 2064 8 (186)	2212	inanimate	dislike	2	study	1	186	swan	studyp1
(#[2]) 8 (186) (?!(1040|2064))	2203	inanimate	no_response	2	study	1	186	swan	studyp1
(#[1]) 8 (188) 1040	2100	animate	like	2	study	2	188	tapemeas	studyp1
(#[1]) 8 1040 (188)	2101	animate	like	2	study	2	188	tapemeas	studyp1
(#[1]) 1040 8 (188)	2102	animate	like	2	study	2	188	tapemeas	studyp1
(#[1]) 8 (188) 2064	2110	animate	dislike	2	study	2	188	tapemeas	studyp1
(#[1]) 8 2064 (188)	2111	animate	dislike	2	study	2	188	tapemeas	studyp1
(#[1]) 2064 8 (188)	2112	animate	dislike	2	study	2	188	tapemeas	studyp1
(#[1]) 8 (188) (?!(1040|2064))	2103	animate	no_response	2	study	2	188	tapemeas	studyp1
(#[2]) 8 (188) 1040	2200	inanimate	like	2	study	2	188	tapemeas	studyp1
(#[2]) 8 1040 (188)	2201	inanimate	like	2	study	2	188	tapemeas	studyp1
(#[2]) 1040 8 (188)	2202	inanimate	like	2	study	2	188	tapemeas	studyp1
(#[2]) 8 (188) 2064	2210	inanimate	dislike	2	study	2	188	tapemeas	studyp1
(#[2]) 8 2064 (188)	2211	inanimate	dislike	2	study	2	188	tapemeas	studyp1
(#[2]) 2064 8 (188)	2212	inanimate	dislike	2	study	2	188	tapemeas	studyp1
(#[2]) 8 (188) (?!(1040|2064))	2203	inanimate	no_response	2	study	2	188	tapemeas	studyp1
(#[1]) 8 (116) 1040	2100	animate	like	2	study	2	116	candle	studyp1
(#[1]) 8 1040 (116)	2101	animate	like	2	study	2	116	candle	studyp1
(#[1]) 1040 8 (116)	2102	animate	like	2	study	2	116	candle	studyp1
(#[1]) 8 (116) 2064	2110	animate	dislike	2	study	2	116	candle	studyp1
(#[1]) 8 2064 (116)	2111	animate	dislike	2	study	2	116	candle	studyp1
(#[1]) 2064 8 (116)	2112	animate	dislike	2	study	2	116	candle	studyp1
(#[1]) 8 (116) (?!(1040|2064))	2103	animate	no_response	2	study	2	116	candle	studyp1
(#[2]) 8 (116) 1040	2200	inanimate	like	2	study	2	116	candle	studyp1
(#[2]) 8 1040 (116)	2201	inanimate	like	2	study	2	116	candle	studyp1
(#[2]) 1040 8 (116)	2202	inanimate	like	2	study	2	116	candle	studyp1
(#[2]) 8 (116) 2064	2210	inanimate	dislike	2	study	2	116	candle	studyp1
(#[2]) 8 2064 (116)	2211	inanimate	dislike	2	study	2	116	candle	studyp1
(#[2]) 2064 8 (116)	2212	inanimate	dislike	2	study	2	116	candle	studyp1
(#[2]) 8 (116) (?!(1040|2064))	2203	inanimate	no_response	2	study	2	116	candle	studyp1
(#[1]) 8 (112) 1040	2100	animate	like	2	study	2	112	broom	studyp1
(#[1]) 8 1040 (112)	2101	animate	like	2	study	2	112	broom	studyp1
(#[1]) 1040 8 (112)	2102	animate	like	2	study	2	112	broom	studyp1
(#[1]) 8 (112) 2064	2110	animate	dislike	2	study	2	112	broom	studyp1
(#[1]) 8 2064 (112)	2111	animate	dislike	2	study	2	112	broom	studyp1
(#[1]) 2064 8 (112)	2112	animate	dislike	2	study	2	112	broom	studyp1
(#[1]) 8 (112) (?!(1040|2064))	2103	animate	no_response	2	study	2	112	broom	studyp1
(#[2]) 8 (112) 1040	2200	inanimate	like	2	study	2	112	broom	studyp1
(#[2]) 8 1040 (112)	2201	inanimate	like	2	study	2	112	broom	studyp1
(#[2]) 1040 8 (112)	2202	inanimate	like	2	study	2	112	broom	studyp1
(#[2]) 8 (112) 2064	2210	inanimate	dislike	2	study	2	112	broom	studyp1
(#[2]) 8 2064 (112)	2211	inanimate	dislike	2	study	2	112	broom	studyp1
(#[2]) 2064 8 (112)	2212	inanimate	dislike	2	study	2	112	broom	studyp1
(#[2]) 8 (112) (?!(1040|2064))	2203	inanimate	no_response	2	study	2	112	broom	studyp1
(#[1]) 8 (184) 1040	2100	animate	like	2	study	2	184	stove	studyp1
(#[1]) 8 1040 (184)	2101	animate	like	2	study	2	184	stove	studyp1
(#[1]) 1040 8 (184)	2102	animate	like	2	study	2	184	stove	studyp1
(#[1]) 8 (184) 2064	2110	animate	dislike	2	study	2	184	stove	studyp1
(#[1]) 8 2064 (184)	2111	animate	dislike	2	study	2	184	stove	studyp1
(#[1]) 2064 8 (184)	2112	animate	dislike	2	study	2	184	stove	studyp1
(#[1]) 8 (184) (?!(1040|2064))	2103	animate	no_response	2	study	2	184	stove	studyp1
(#[2]) 8 (184) 1040	2200	inanimate	like	2	study	2	184	stove	studyp1
(#[2]) 8 1040 (184)	2201	inanimate	like	2	study	2	184	stove	studyp1
(#[2]) 1040 8 (184)	2202	inanimate	like	2	study	2	184	stove	studyp1
(#[2]) 8 (184) 2064	2210	inanimate	dislike	2	study	2	184	stove	studyp1
(#[2]) 8 2064 (184)	2211	inanimate	dislike	2	study	2	184	stove	studyp1
(#[2]) 2064 8 (184)	2212	inanimate	dislike	2	study	2	184	stove	studyp1
(#[2]) 8 (184) (?!(1040|2064))	2203	inanimate	no_response	2	study	2	184	stove	studyp1
(#[1]) 8 (119) 1040	2100	animate	like	2	study	2	119	chainsaw	studyp1
(#[1]) 8 1040 (119)	2101	animate	like	2	study	2	119	chainsaw	studyp1
(#[1]) 1040 8 (119)	2102	animate	like	2	study	2	119	chainsaw	studyp1
(#[1]) 8 (119) 2064	2110	animate	dislike	2	study	2	119	chainsaw	studyp1
(#[1]) 8 2064 (119)	2111	animate	dislike	2	study	2	119	chainsaw	studyp1
(#[1]) 2064 8 (119)	2112	animate	dislike	2	study	2	119	chainsaw	studyp1
(#[1]) 8 (119) (?!(1040|2064))	2103	animate	no_response	2	study	2	119	chainsaw	studyp1
(#[2]) 8 (119) 1040	2200	inanimate	like	2	study	2	119	chainsaw	studyp1
(#[2]) 8 1040 (119)	2201	inanimate	like	2	study	2	119	chainsaw	studyp1
(#[2]) 1040 8 (119)	2202	inanimate	like	2	study	2	119	chainsaw	studyp1
(#[2]) 8 (119) 2064	2210	inanimate	dislike	2	study	2	119	chainsaw	studyp1
(#[2]) 8 2064 (119)	2211	inanimate	dislike	2	study	2	119	chainsaw	studyp1
(#[2]) 2064 8 (119)	2212	inanimate	dislike	2	study	2	119	chainsaw	studyp1
(#[2]) 8 (119) (?!(1040|2064))	2203	inanimate	no_response	2	study	2	119	chainsaw	studyp1
(#[1]) 8 (195) 1040	2100	animate	like	2	study	2	195	vest	studyp1
(#[1]) 8 1040 (195)	2101	animate	like	2	study	2	195	vest	studyp1
(#[1]) 1040 8 (195)	2102	animate	like	2	study	2	195	vest	studyp1
(#[1]) 8 (195) 2064	2110	animate	dislike	2	study	2	195	vest	studyp1
(#[1]) 8 2064 (195)	2111	animate	dislike	2	study	2	195	vest	studyp1
(#[1]) 2064 8 (195)	2112	animate	dislike	2	study	2	195	vest	studyp1
(#[1]) 8 (195) (?!(1040|2064))	2103	animate	no_response	2	study	2	195	vest	studyp1
(#[2]) 8 (195) 1040	2200	inanimate	like	2	study	2	195	vest	studyp1
(#[2]) 8 1040 (195)	2201	inanimate	like	2	study	2	195	vest	studyp1
(#[2]) 1040 8 (195)	2202	inanimate	like	2	study	2	195	vest	studyp1
(#[2]) 8 (195) 2064	2210	inanimate	dislike	2	study	2	195	vest	studyp1
(#[2]) 8 2064 (195)	2211	inanimate	dislike	2	study	2	195	vest	studyp1
(#[2]) 2064 8 (195)	2212	inanimate	dislike	2	study	2	195	vest	studyp1
(#[2]) 8 (195) (?!(1040|2064))	2203	inanimate	no_response	2	study	2	195	vest	studyp1
(#[1]) 8 (191) 1040	2100	animate	like	2	study	2	191	trophy	studyp1
(#[1]) 8 1040 (191)	2101	animate	like	2	study	2	191	trophy	studyp1
(#[1]) 1040 8 (191)	2102	animate	like	2	study	2	191	trophy	studyp1
(#[1]) 8 (191) 2064	2110	animate	dislike	2	study	2	191	trophy	studyp1
(#[1]) 8 2064 (191)	2111	animate	dislike	2	study	2	191	trophy	studyp1
(#[1]) 2064 8 (191)	2112	animate	dislike	2	study	2	191	trophy	studyp1
(#[1]) 8 (191) (?!(1040|2064))	2103	animate	no_response	2	study	2	191	trophy	studyp1
(#[2]) 8 (191) 1040	2200	inanimate	like	2	study	2	191	trophy	studyp1
(#[2]) 8 1040 (191)	2201	inanimate	like	2	study	2	191	trophy	studyp1
(#[2]) 1040 8 (191)	2202	inanimate	like	2	study	2	191	trophy	studyp1
(#[2]) 8 (191) 2064	2210	inanimate	dislike	2	study	2	191	trophy	studyp1
(#[2]) 8 2064 (191)	2211	inanimate	dislike	2	study	2	191	trophy	studyp1
(#[2]) 2064 8 (191)	2212	inanimate	dislike	2	study	2	191	trophy	studyp1
(#[2]) 8 (191) (?!(1040|2064))	2203	inanimate	no_response	2	study	2	191	trophy	studyp1
(#[1]) 8 (199) 1040	2100	animate	like	2	study	2	199	witchhat	studyp1
(#[1]) 8 1040 (199)	2101	animate	like	2	study	2	199	witchhat	studyp1
(#[1]) 1040 8 (199)	2102	animate	like	2	study	2	199	witchhat	studyp1
(#[1]) 8 (199) 2064	2110	animate	dislike	2	study	2	199	witchhat	studyp1
(#[1]) 8 2064 (199)	2111	animate	dislike	2	study	2	199	witchhat	studyp1
(#[1]) 2064 8 (199)	2112	animate	dislike	2	study	2	199	witchhat	studyp1
(#[1]) 8 (199) (?!(1040|2064))	2103	animate	no_response	2	study	2	199	witchhat	studyp1
(#[2]) 8 (199) 1040	2200	inanimate	like	2	study	2	199	witchhat	studyp1
(#[2]) 8 1040 (199)	2201	inanimate	like	2	study	2	199	witchhat	studyp1
(#[2]) 1040 8 (199)	2202	inanimate	like	2	study	2	199	witchhat	studyp1
(#[2]) 8 (199) 2064	2210	inanimate	dislike	2	study	2	199	witchhat	studyp1
(#[2]) 8 2064 (199)	2211	inanimate	dislike	2	study	2	199	witchhat	studyp1
(#[2]) 2064 8 (199)	2212	inanimate	dislike	2	study	2	199	witchhat	studyp1
(#[2]) 8 (199) (?!(1040|2064))	2203	inanimate	no_response	2	study	2	199	witchhat	studyp1
(#[1]) 8 (178) 1040	2100	animate	like	2	study	2	178	spatula	studyp1
(#[1]) 8 1040 (178)	2101	animate	like	2	study	2	178	spatula	studyp1
(#[1]) 1040 8 (178)	2102	animate	like	2	study	2	178	spatula	studyp1
(#[1]) 8 (178) 2064	2110	animate	dislike	2	study	2	178	spatula	studyp1
(#[1]) 8 2064 (178)	2111	animate	dislike	2	study	2	178	spatula	studyp1
(#[1]) 2064 8 (178)	2112	animate	dislike	2	study	2	178	spatula	studyp1
(#[1]) 8 (178) (?!(1040|2064))	2103	animate	no_response	2	study	2	178	spatula	studyp1
(#[2]) 8 (178) 1040	2200	inanimate	like	2	study	2	178	spatula	studyp1
(#[2]) 8 1040 (178)	2201	inanimate	like	2	study	2	178	spatula	studyp1
(#[2]) 1040 8 (178)	2202	inanimate	like	2	study	2	178	spatula	studyp1
(#[2]) 8 (178) 2064	2210	inanimate	dislike	2	study	2	178	spatula	studyp1
(#[2]) 8 2064 (178)	2211	inanimate	dislike	2	study	2	178	spatula	studyp1
(#[2]) 2064 8 (178)	2212	inanimate	dislike	2	study	2	178	spatula	studyp1
(#[2]) 8 (178) (?!(1040|2064))	2203	inanimate	no_response	2	study	2	178	spatula	studyp1
(#[1]) 8 (190) 1040	2100	animate	like	2	study	2	190	tissue	studyp1
(#[1]) 8 1040 (190)	2101	animate	like	2	study	2	190	tissue	studyp1
(#[1]) 1040 8 (190)	2102	animate	like	2	study	2	190	tissue	studyp1
(#[1]) 8 (190) 2064	2110	animate	dislike	2	study	2	190	tissue	studyp1
(#[1]) 8 2064 (190)	2111	animate	dislike	2	study	2	190	tissue	studyp1
(#[1]) 2064 8 (190)	2112	animate	dislike	2	study	2	190	tissue	studyp1
(#[1]) 8 (190) (?!(1040|2064))	2103	animate	no_response	2	study	2	190	tissue	studyp1
(#[2]) 8 (190) 1040	2200	inanimate	like	2	study	2	190	tissue	studyp1
(#[2]) 8 1040 (190)	2201	inanimate	like	2	study	2	190	tissue	studyp1
(#[2]) 1040 8 (190)	2202	inanimate	like	2	study	2	190	tissue	studyp1
(#[2]) 8 (190) 2064	2210	inanimate	dislike	2	study	2	190	tissue	studyp1
(#[2]) 8 2064 (190)	2211	inanimate	dislike	2	study	2	190	tissue	studyp1
(#[2]) 2064 8 (190)	2212	inanimate	dislike	2	study	2	190	tissue	studyp1
(#[2]) 8 (190) (?!(1040|2064))	2203	inanimate	no_response	2	study	2	190	tissue	studyp1
(#[1]) 8 (131) 1040	2100	animate	like	2	study	2	131	firengin	studyp1
(#[1]) 8 1040 (131)	2101	animate	like	2	study	2	131	firengin	studyp1
(#[1]) 1040 8 (131)	2102	animate	like	2	study	2	131	firengin	studyp1
(#[1]) 8 (131) 2064	2110	animate	dislike	2	study	2	131	firengin	studyp1
(#[1]) 8 2064 (131)	2111	animate	dislike	2	study	2	131	firengin	studyp1
(#[1]) 2064 8 (131)	2112	animate	dislike	2	study	2	131	firengin	studyp1
(#[1]) 8 (131) (?!(1040|2064))	2103	animate	no_response	2	study	2	131	firengin	studyp1
(#[2]) 8 (131) 1040	2200	inanimate	like	2	study	2	131	firengin	studyp1
(#[2]) 8 1040 (131)	2201	inanimate	like	2	study	2	131	firengin	studyp1
(#[2]) 1040 8 (131)	2202	inanimate	like	2	study	2	131	firengin	studyp1
(#[2]) 8 (131) 2064	2210	inanimate	dislike	2	study	2	131	firengin	studyp1
(#[2]) 8 2064 (131)	2211	inanimate	dislike	2	study	2	131	firengin	studyp1
(#[2]) 2064 8 (131)	2212	inanimate	dislike	2	study	2	131	firengin	studyp1
(#[2]) 8 (131) (?!(1040|2064))	2203	inanimate	no_response	2	study	2	131	firengin	studyp1
(#[1]) 8 (183) 1040	2100	animate	like	2	study	2	183	stool	studyp1
(#[1]) 8 1040 (183)	2101	animate	like	2	study	2	183	stool	studyp1
(#[1]) 1040 8 (183)	2102	animate	like	2	study	2	183	stool	studyp1
(#[1]) 8 (183) 2064	2110	animate	dislike	2	study	2	183	stool	studyp1
(#[1]) 8 2064 (183)	2111	animate	dislike	2	study	2	183	stool	studyp1
(#[1]) 2064 8 (183)	2112	animate	dislike	2	study	2	183	stool	studyp1
(#[1]) 8 (183) (?!(1040|2064))	2103	animate	no_response	2	study	2	183	stool	studyp1
(#[2]) 8 (183) 1040	2200	inanimate	like	2	study	2	183	stool	studyp1
(#[2]) 8 1040 (183)	2201	inanimate	like	2	study	2	183	stool	studyp1
(#[2]) 1040 8 (183)	2202	inanimate	like	2	study	2	183	stool	studyp1
(#[2]) 8 (183) 2064	2210	inanimate	dislike	2	study	2	183	stool	studyp1
(#[2]) 8 2064 (183)	2211	inanimate	dislike	2	study	2	183	stool	studyp1
(#[2]) 2064 8 (183)	2212	inanimate	dislike	2	study	2	183	stool	studyp1
(#[2]) 8 (183) (?!(1040|2064))	2203	inanimate	no_response	2	study	2	183	stool	studyp1
(#[1]) 8 (101) 1040	2100	animate	like	2	study	1	101	allgator	studyp1
(#[1]) 8 1040 (101)	2101	animate	like	2	study	1	101	allgator	studyp1
(#[1]) 1040 8 (101)	2102	animate	like	2	study	1	101	allgator	studyp1
(#[1]) 8 (101) 2064	2110	animate	dislike	2	study	1	101	allgator	studyp1
(#[1]) 8 2064 (101)	2111	animate	dislike	2	study	1	101	allgator	studyp1
(#[1]) 2064 8 (101)	2112	animate	dislike	2	study	1	101	allgator	studyp1
(#[1]) 8 (101) (?!(1040|2064))	2103	animate	no_response	2	study	1	101	allgator	studyp1
(#[2]) 8 (101) 1040	2200	inanimate	like	2	study	1	101	allgator	studyp1
(#[2]) 8 1040 (101)	2201	inanimate	like	2	study	1	101	allgator	studyp1
(#[2]) 1040 8 (101)	2202	inanimate	like	2	study	1	101	allgator	studyp1
(#[2]) 8 (101) 2064	2210	inanimate	dislike	2	study	1	101	allgator	studyp1
(#[2]) 8 2064 (101)	2211	inanimate	dislike	2	study	1	101	allgator	studyp1
(#[2]) 2064 8 (101)	2212	inanimate	dislike	2	study	1	101	allgator	studyp1
(#[2]) 8 (101) (?!(1040|2064))	2203	inanimate	no_response	2	study	1	101	allgator	studyp1
(#[1]) 8 (144) 1040	2100	animate	like	2	study	1	144	kilerwal	studyp1
(#[1]) 8 1040 (144)	2101	animate	like	2	study	1	144	kilerwal	studyp1
(#[1]) 1040 8 (144)	2102	animate	like	2	study	1	144	kilerwal	studyp1
(#[1]) 8 (144) 2064	2110	animate	dislike	2	study	1	144	kilerwal	studyp1
(#[1]) 8 2064 (144)	2111	animate	dislike	2	study	1	144	kilerwal	studyp1
(#[1]) 2064 8 (144)	2112	animate	dislike	2	study	1	144	kilerwal	studyp1
(#[1]) 8 (144) (?!(1040|2064))	2103	animate	no_response	2	study	1	144	kilerwal	studyp1
(#[2]) 8 (144) 1040	2200	inanimate	like	2	study	1	144	kilerwal	studyp1
(#[2]) 8 1040 (144)	2201	inanimate	like	2	study	1	144	kilerwal	studyp1
(#[2]) 1040 8 (144)	2202	inanimate	like	2	study	1	144	kilerwal	studyp1
(#[2]) 8 (144) 2064	2210	inanimate	dislike	2	study	1	144	kilerwal	studyp1
(#[2]) 8 2064 (144)	2211	inanimate	dislike	2	study	1	144	kilerwal	studyp1
(#[2]) 2064 8 (144)	2212	inanimate	dislike	2	study	1	144	kilerwal	studyp1
(#[2]) 8 (144) (?!(1040|2064))	2203	inanimate	no_response	2	study	1	144	kilerwal	studyp1
(#[1]) 8 (176) 1040	2100	animate	like	2	study	2	176	sled	studyp1
(#[1]) 8 1040 (176)	2101	animate	like	2	study	2	176	sled	studyp1
(#[1]) 1040 8 (176)	2102	animate	like	2	study	2	176	sled	studyp1
(#[1]) 8 (176) 2064	2110	animate	dislike	2	study	2	176	sled	studyp1
(#[1]) 8 2064 (176)	2111	animate	dislike	2	study	2	176	sled	studyp1
(#[1]) 2064 8 (176)	2112	animate	dislike	2	study	2	176	sled	studyp1
(#[1]) 8 (176) (?!(1040|2064))	2103	animate	no_response	2	study	2	176	sled	studyp1
(#[2]) 8 (176) 1040	2200	inanimate	like	2	study	2	176	sled	studyp1
(#[2]) 8 1040 (176)	2201	inanimate	like	2	study	2	176	sled	studyp1
(#[2]) 1040 8 (176)	2202	inanimate	like	2	study	2	176	sled	studyp1
(#[2]) 8 (176) 2064	2210	inanimate	dislike	2	study	2	176	sled	studyp1
(#[2]) 8 2064 (176)	2211	inanimate	dislike	2	study	2	176	sled	studyp1
(#[2]) 2064 8 (176)	2212	inanimate	dislike	2	study	2	176	sled	studyp1
(#[2]) 8 (176) (?!(1040|2064))	2203	inanimate	no_response	2	study	2	176	sled	studyp1
(#[1]) 8 (106) 1040	2100	animate	like	2	study	1	106	bear	studyp1
(#[1]) 8 1040 (106)	2101	animate	like	2	study	1	106	bear	studyp1
(#[1]) 1040 8 (106)	2102	animate	like	2	study	1	106	bear	studyp1
(#[1]) 8 (106) 2064	2110	animate	dislike	2	study	1	106	bear	studyp1
(#[1]) 8 2064 (106)	2111	animate	dislike	2	study	1	106	bear	studyp1
(#[1]) 2064 8 (106)	2112	animate	dislike	2	study	1	106	bear	studyp1
(#[1]) 8 (106) (?!(1040|2064))	2103	animate	no_response	2	study	1	106	bear	studyp1
(#[2]) 8 (106) 1040	2200	inanimate	like	2	study	1	106	bear	studyp1
(#[2]) 8 1040 (106)	2201	inanimate	like	2	study	1	106	bear	studyp1
(#[2]) 1040 8 (106)	2202	inanimate	like	2	study	1	106	bear	studyp1
(#[2]) 8 (106) 2064	2210	inanimate	dislike	2	study	1	106	bear	studyp1
(#[2]) 8 2064 (106)	2211	inanimate	dislike	2	study	1	106	bear	studyp1
(#[2]) 2064 8 (106)	2212	inanimate	dislike	2	study	1	106	bear	studyp1
(#[2]) 8 (106) (?!(1040|2064))	2203	inanimate	no_response	2	study	1	106	bear	studyp1
(#[1]) 8 (193) 1040	2100	animate	like	2	study	2	193	umbrella	studyp1
(#[1]) 8 1040 (193)	2101	animate	like	2	study	2	193	umbrella	studyp1
(#[1]) 1040 8 (193)	2102	animate	like	2	study	2	193	umbrella	studyp1
(#[1]) 8 (193) 2064	2110	animate	dislike	2	study	2	193	umbrella	studyp1
(#[1]) 8 2064 (193)	2111	animate	dislike	2	study	2	193	umbrella	studyp1
(#[1]) 2064 8 (193)	2112	animate	dislike	2	study	2	193	umbrella	studyp1
(#[1]) 8 (193) (?!(1040|2064))	2103	animate	no_response	2	study	2	193	umbrella	studyp1
(#[2]) 8 (193) 1040	2200	inanimate	like	2	study	2	193	umbrella	studyp1
(#[2]) 8 1040 (193)	2201	inanimate	like	2	study	2	193	umbrella	studyp1
(#[2]) 1040 8 (193)	2202	inanimate	like	2	study	2	193	umbrella	studyp1
(#[2]) 8 (193) 2064	2210	inanimate	dislike	2	study	2	193	umbrella	studyp1
(#[2]) 8 2064 (193)	2211	inanimate	dislike	2	study	2	193	umbrella	studyp1
(#[2]) 2064 8 (193)	2212	inanimate	dislike	2	study	2	193	umbrella	studyp1
(#[2]) 8 (193) (?!(1040|2064))	2203	inanimate	no_response	2	study	2	193	umbrella	studyp1
(#[1]) 8 (118) 1040	2100	animate	like	2	study	2	118	cd	studyp1
(#[1]) 8 1040 (118)	2101	animate	like	2	study	2	118	cd	studyp1
(#[1]) 1040 8 (118)	2102	animate	like	2	study	2	118	cd	studyp1
(#[1]) 8 (118) 2064	2110	animate	dislike	2	study	2	118	cd	studyp1
(#[1]) 8 2064 (118)	2111	animate	dislike	2	study	2	118	cd	studyp1
(#[1]) 2064 8 (118)	2112	animate	dislike	2	study	2	118	cd	studyp1
(#[1]) 8 (118) (?!(1040|2064))	2103	animate	no_response	2	study	2	118	cd	studyp1
(#[2]) 8 (118) 1040	2200	inanimate	like	2	study	2	118	cd	studyp1
(#[2]) 8 1040 (118)	2201	inanimate	like	2	study	2	118	cd	studyp1
(#[2]) 1040 8 (118)	2202	inanimate	like	2	study	2	118	cd	studyp1
(#[2]) 8 (118) 2064	2210	inanimate	dislike	2	study	2	118	cd	studyp1
(#[2]) 8 2064 (118)	2211	inanimate	dislike	2	study	2	118	cd	studyp1
(#[2]) 2064 8 (118)	2212	inanimate	dislike	2	study	2	118	cd	studyp1
(#[2]) 8 (118) (?!(1040|2064))	2203	inanimate	no_response	2	study	2	118	cd	studyp1
(#[1]) 8 (103) 1040	2100	animate	like	2	study	2	103	ballhoop	studyp1
(#[1]) 8 1040 (103)	2101	animate	like	2	study	2	103	ballhoop	studyp1
(#[1]) 1040 8 (103)	2102	animate	like	2	study	2	103	ballhoop	studyp1
(#[1]) 8 (103) 2064	2110	animate	dislike	2	study	2	103	ballhoop	studyp1
(#[1]) 8 2064 (103)	2111	animate	dislike	2	study	2	103	ballhoop	studyp1
(#[1]) 2064 8 (103)	2112	animate	dislike	2	study	2	103	ballhoop	studyp1
(#[1]) 8 (103) (?!(1040|2064))	2103	animate	no_response	2	study	2	103	ballhoop	studyp1
(#[2]) 8 (103) 1040	2200	inanimate	like	2	study	2	103	ballhoop	studyp1
(#[2]) 8 1040 (103)	2201	inanimate	like	2	study	2	103	ballhoop	studyp1
(#[2]) 1040 8 (103)	2202	inanimate	like	2	study	2	103	ballhoop	studyp1
(#[2]) 8 (103) 2064	2210	inanimate	dislike	2	study	2	103	ballhoop	studyp1
(#[2]) 8 2064 (103)	2211	inanimate	dislike	2	study	2	103	ballhoop	studyp1
(#[2]) 2064 8 (103)	2212	inanimate	dislike	2	study	2	103	ballhoop	studyp1
(#[2]) 8 (103) (?!(1040|2064))	2203	inanimate	no_response	2	study	2	103	ballhoop	studyp1
(#[1]) 8 (159) 1040	2100	animate	like	2	study	2	159	pen	studyp1
(#[1]) 8 1040 (159)	2101	animate	like	2	study	2	159	pen	studyp1
(#[1]) 1040 8 (159)	2102	animate	like	2	study	2	159	pen	studyp1
(#[1]) 8 (159) 2064	2110	animate	dislike	2	study	2	159	pen	studyp1
(#[1]) 8 2064 (159)	2111	animate	dislike	2	study	2	159	pen	studyp1
(#[1]) 2064 8 (159)	2112	animate	dislike	2	study	2	159	pen	studyp1
(#[1]) 8 (159) (?!(1040|2064))	2103	animate	no_response	2	study	2	159	pen	studyp1
(#[2]) 8 (159) 1040	2200	inanimate	like	2	study	2	159	pen	studyp1
(#[2]) 8 1040 (159)	2201	inanimate	like	2	study	2	159	pen	studyp1
(#[2]) 1040 8 (159)	2202	inanimate	like	2	study	2	159	pen	studyp1
(#[2]) 8 (159) 2064	2210	inanimate	dislike	2	study	2	159	pen	studyp1
(#[2]) 8 2064 (159)	2211	inanimate	dislike	2	study	2	159	pen	studyp1
(#[2]) 2064 8 (159)	2212	inanimate	dislike	2	study	2	159	pen	studyp1
(#[2]) 8 (159) (?!(1040|2064))	2203	inanimate	no_response	2	study	2	159	pen	studyp1
